-- phpMyAdmin SQL Dump
-- version 5.2.1
-- https://www.phpmyadmin.net/
--
-- Host: localhost
-- Generation Time: Feb 01, 2025 at 10:05 PM
-- Server version: 10.4.32-MariaDB
-- PHP Version: 8.0.30

SET SQL_MODE = "NO_AUTO_VALUE_ON_ZERO";
START TRANSACTION;
SET time_zone = "+00:00";


/*!40101 SET @OLD_CHARACTER_SET_CLIENT=@@CHARACTER_SET_CLIENT */;
/*!40101 SET @OLD_CHARACTER_SET_RESULTS=@@CHARACTER_SET_RESULTS */;
/*!40101 SET @OLD_COLLATION_CONNECTION=@@COLLATION_CONNECTION */;
/*!40101 SET NAMES utf8mb4 */;

--
-- Database: `licence_server`
--

-- --------------------------------------------------------

--
-- Table structure for table `applications`
--

CREATE TABLE `applications` (
  `id` bigint(20) UNSIGNED NOT NULL,
  `application_name` varchar(255) NOT NULL,
  `application_version` double(8,2) NOT NULL DEFAULT 1.00,
  `created_at` timestamp NULL DEFAULT NULL,
  `updated_at` timestamp NULL DEFAULT NULL
) ENGINE=InnoDB DEFAULT CHARSET=utf8mb4 COLLATE=utf8mb4_unicode_ci;

--
-- Dumping data for table `applications`
--

INSERT INTO `applications` (`id`, `application_name`, `application_version`, `created_at`, `updated_at`) VALUES
(1, 'twitter_full_bot', 1.00, '2023-10-04 03:07:37', '2024-10-25 20:22:03'),
(2, 'facebook-extractor', 1.00, '2023-10-04 04:19:36', '2023-10-25 08:22:11'),
(3, 'facebook-sender', 1.00, '2023-10-04 08:00:17', '2023-10-17 07:24:35'),
(4, 'twitter_captcha_bypass', 1.00, '2023-10-09 22:27:32', '2024-10-01 01:11:21'),
(5, 'tweets-creator', 1.00, '2023-10-11 20:50:33', '2024-10-25 08:39:37'),
(6, 'tweets_creator', 2.00, '2023-10-12 11:48:55', '2023-10-12 11:48:55'),
(7, 'Gmail Checker', 1.00, '2023-10-13 00:45:24', '2024-07-24 22:55:47'),
(8, 'Twitter Views', 1.00, '2023-10-14 15:46:22', '2024-10-17 18:43:42'),
(9, 'AYMAN', 1.00, '2023-10-15 12:13:36', '2023-10-20 17:23:04'),
(10, 'Image Generator', 1.00, '2023-10-15 17:08:20', '2023-10-16 01:13:30'),
(11, 'TWITTER_AUTH_GEN', 1.00, '2023-10-25 01:04:42', '2024-10-22 16:11:09'),
(12, 'WHATSAPP', 1.00, '2023-10-26 07:31:41', '2023-10-26 11:22:00'),
(13, 'twitter-creator', 1.00, '2023-10-28 19:32:18', '2024-01-04 21:26:46'),
(31, 'twitter-bot', 4.00, '2023-10-29 14:39:51', '2023-11-10 09:45:41'),
(32, 'excel-sheet', 1.00, '2023-10-31 08:42:22', '2024-10-15 20:05:07'),
(33, 'twitter_text_appender', 1.00, '2023-11-06 07:25:42', '2024-10-25 15:39:29'),
(34, 'Twitter Checker', 1.00, '2023-11-07 06:19:39', '2024-10-23 16:05:49'),
(35, 'Instagram Bot', 1.00, '2023-11-08 19:55:59', '2024-04-29 10:07:23'),
(36, 'Instagram Bot (Login)', 1.00, '2023-11-17 23:49:00', '2024-10-25 17:32:13'),
(37, 'Instagram Bot (Follow)', 1.00, '2023-11-17 23:56:38', '2024-10-21 10:53:31'),
(38, 'Instagram Bot (Profile)', 1.00, '2023-11-18 00:18:25', '2024-10-15 10:48:04'),
(39, 'Instagram Bot (Like)', 1.00, '2023-11-18 00:46:04', '2024-10-21 15:12:36'),
(40, 'Instagram Bot (Comment)', 1.00, '2023-11-18 01:10:05', '2024-10-19 15:59:59'),
(41, '7awley', 2.00, '2023-11-24 23:03:39', '2024-01-18 13:31:41'),
(42, 'Instagram Bot (check-point)', 1.00, '2023-11-26 01:34:37', '2023-12-30 19:20:01'),
(43, 'FAWTEER_CHECKER', 1.00, '2023-11-28 05:59:26', '2023-11-28 08:32:00'),
(44, 'FAWATER-CHECKER', 1.00, '2023-11-28 08:09:32', '2024-10-25 19:00:12'),
(45, 'FAWATER-EXTRACTOR', 1.00, '2023-11-29 00:07:49', '2024-10-24 07:47:53'),
(46, 'sakani_bot', 1.00, '2023-11-30 04:55:42', '2024-09-16 13:23:42'),
(51, 'smc-register', 1.00, '2023-12-16 18:22:23', '2024-09-29 11:45:35'),
(52, 'smc-notification', 1.00, '2023-12-28 04:49:14', '2023-12-28 07:55:22'),
(53, 'Instagram Bot (login/checkpoint) v2', 1.00, '2023-12-29 18:38:21', '2024-01-17 15:46:50'),
(54, 'accounts-splitter', 1.00, '2024-01-27 14:43:34', '2024-09-30 07:21:09'),
(55, 'SAKANI_UNIT', 1.00, '2024-04-19 02:40:23', '2024-09-16 13:15:08'),
(56, 'smc-edit', 1.00, '2024-04-27 02:20:25', '2024-06-03 17:50:54'),
(57, 'smc-grievance', 1.00, '2024-04-27 23:04:10', '2024-06-03 17:50:54'),
(58, 'videos_generator', 1.00, '2024-05-23 06:05:53', '2024-10-23 07:18:53'),
(59, 'SAKANI_PROJECT', 1.00, '2024-06-02 05:12:22', '2024-09-16 13:26:02'),
(60, 'twitter_creator_v2', 1.00, '2024-06-07 16:03:04', '2024-09-09 06:02:09'),
(61, 'AMZ SIGN UP', 1.00, '2024-06-09 10:01:28', '2024-06-10 15:00:24'),
(62, 'AMZ SIGN IN', 1.00, '2024-06-09 10:03:10', '2024-06-09 18:01:42'),
(63, '7AWELY', 2.00, '2024-06-09 18:24:23', '2024-10-25 18:57:39'),
(64, 'adsl_extractor', 1.00, '2024-06-10 03:31:17', '2024-10-25 20:00:32'),
(65, 'twitter_auth_token_generator', 1.00, '2024-06-11 05:41:05', '2024-10-24 10:17:30'),
(66, 'twitter_captcha_bypass_requests', 1.00, '2024-06-13 22:53:51', '2024-10-10 19:39:40'),
(67, 'PIRATES_BAY', 1.00, '2024-06-22 17:21:32', '2024-08-04 22:44:48'),
(68, 'TORRENT_GALAXY', 1.00, '2024-06-24 06:26:35', '2024-07-15 10:28:57'),
(69, 'filter', 1.00, '2024-07-04 06:38:28', '2024-07-04 06:38:51'),
(70, 'Twitter Search', 1.00, '2024-07-15 04:33:56', '2024-07-21 01:03:39'),
(71, 'Twitter CREATOR', 1.00, '2024-07-16 06:54:50', '2024-10-22 18:44:35'),
(72, 'facebook', 1.00, '2024-08-06 17:58:04', '2024-10-22 06:40:57'),
(73, 'hotmail-checker', 1.00, '2024-08-27 08:14:24', '2024-10-21 14:56:50'),
(74, 'FACEBOOK-ID-CHECKER', 1.00, '2024-08-31 13:31:08', '2024-10-24 18:50:57'),
(75, 'adsl_extractor-2', 1.00, '2024-09-12 09:02:04', '2024-10-25 18:44:22'),
(76, 'twitter_2fa_generator', 1.00, '2024-09-20 20:49:32', '2024-10-17 18:28:21'),
(77, 'twitter_search_keyword', 1.00, '2024-10-13 04:32:47', '2024-10-23 15:53:05'),
(85, 'testing', 1.00, '2024-10-25 20:23:18', '2024-10-25 20:23:18');

-- --------------------------------------------------------

--
-- Table structure for table `failed_jobs`
--

CREATE TABLE `failed_jobs` (
  `id` bigint(20) UNSIGNED NOT NULL,
  `uuid` varchar(255) NOT NULL,
  `connection` text NOT NULL,
  `queue` text NOT NULL,
  `payload` longtext NOT NULL,
  `exception` longtext NOT NULL,
  `failed_at` timestamp NOT NULL DEFAULT current_timestamp()
) ENGINE=InnoDB DEFAULT CHARSET=utf8mb4 COLLATE=utf8mb4_unicode_ci;

-- --------------------------------------------------------

--
-- Table structure for table `licence_users`
--

CREATE TABLE `licence_users` (
  `id` bigint(20) UNSIGNED NOT NULL,
  `username` varchar(255) NOT NULL,
  `active` tinyint(1) NOT NULL DEFAULT 0,
  `created_at` timestamp NULL DEFAULT NULL,
  `updated_at` timestamp NULL DEFAULT NULL,
  `lock_new_devices` tinyint(1) NOT NULL DEFAULT 1
) ENGINE=InnoDB DEFAULT CHARSET=utf8mb4 COLLATE=utf8mb4_unicode_ci;

--
-- Dumping data for table `licence_users`
--

INSERT INTO `licence_users` (`id`, `username`, `active`, `created_at`, `updated_at`, `lock_new_devices`) VALUES
(24, 'MINA', 1, '2023-10-29 14:38:09', '2024-10-24 10:17:30', 0),
(83, 'ASHRAF', 1, '2024-05-17 20:46:13', '2024-10-25 20:22:03', 0),
(91, 'AZ3R', 1, '2024-06-22 17:21:32', '2024-08-04 22:44:48', 0),
(99, 'AMJAD', 1, '2024-08-06 17:58:04', '2024-10-24 18:50:57', 0),
(110, 'TEXT_APPENDER_USER', 1, '2024-09-10 11:40:57', '2024-10-25 15:39:29', 0),
(113, 'AHMED_ELMASRY', 0, '2024-09-15 15:56:18', '2024-10-17 21:20:13', 0),
(116, 'MAHMOUD', 1, '2024-09-17 20:26:38', '2024-10-25 20:00:32', 0),
(117, 'SMC_USER_1', 1, '2024-09-23 05:08:40', '2024-09-29 11:45:35', 0),
(118, 'TWITTER_PALESTINE', 1, '2024-09-23 06:20:23', '2024-10-25 17:25:39', 0),
(120, 'mina-michael', 1, '2024-10-11 11:09:47', '2024-10-25 08:39:37', 0),
(122, 'MOUSTAFA', 1, '2024-10-14 12:28:33', '2024-10-23 16:05:49', 0),
(123, 'Amjad Ashraf', 1, '2024-10-15 04:55:32', '2024-10-25 17:32:13', 0),
(125, 'JO', 0, '2024-10-17 19:10:28', '2024-10-17 19:10:28', 1),
(126, 'MOHAMMED', 0, '2024-10-18 19:11:28', '2024-10-18 19:11:28', 1),
(127, 'ISLAM-ELSAYED', 1, '2024-10-25 20:23:18', '2024-10-25 20:26:27', 1);

-- --------------------------------------------------------

--
-- Table structure for table `migrations`
--

CREATE TABLE `migrations` (
  `id` int(10) UNSIGNED NOT NULL,
  `migration` varchar(255) NOT NULL,
  `batch` int(11) NOT NULL
) ENGINE=InnoDB DEFAULT CHARSET=utf8mb4 COLLATE=utf8mb4_unicode_ci;

--
-- Dumping data for table `migrations`
--

INSERT INTO `migrations` (`id`, `migration`, `batch`) VALUES
(1, '2014_10_12_000000_create_users_table', 1),
(2, '2014_10_12_100000_create_password_resets_table', 1),
(3, '2019_08_19_000000_create_failed_jobs_table', 1),
(4, '2019_12_14_000001_create_personal_access_tokens_table', 1),
(5, '2022_11_19_092425_create_servers_table', 1),
(6, '2022_11_19_092555_create_applications_table', 1),
(7, '2022_11_19_092854_create_server_applications_table', 1),
(8, '2023_10_01_141857_create_licence_users_table', 1),
(9, '2023_10_05_030435_add_mac_address_column_to_servers_table', 2),
(10, '2023_10_05_030639_add_lock_new_devices_to_licence_users_table', 2),
(11, '2023_11_04_092949_add_message_column_and_show_message_column_to_server_applications_table', 3),
(12, '2024_10_25_230137_add_dates_to_server_applications', 4);

-- --------------------------------------------------------

--
-- Table structure for table `password_resets`
--

CREATE TABLE `password_resets` (
  `email` varchar(255) NOT NULL,
  `token` varchar(255) NOT NULL,
  `created_at` timestamp NULL DEFAULT NULL
) ENGINE=InnoDB DEFAULT CHARSET=utf8mb4 COLLATE=utf8mb4_unicode_ci;

-- --------------------------------------------------------

--
-- Table structure for table `personal_access_tokens`
--

CREATE TABLE `personal_access_tokens` (
  `id` bigint(20) UNSIGNED NOT NULL,
  `tokenable_type` varchar(255) NOT NULL,
  `tokenable_id` bigint(20) UNSIGNED NOT NULL,
  `name` varchar(255) NOT NULL,
  `token` varchar(64) NOT NULL,
  `abilities` text DEFAULT NULL,
  `last_used_at` timestamp NULL DEFAULT NULL,
  `expires_at` timestamp NULL DEFAULT NULL,
  `created_at` timestamp NULL DEFAULT NULL,
  `updated_at` timestamp NULL DEFAULT NULL
) ENGINE=InnoDB DEFAULT CHARSET=utf8mb4 COLLATE=utf8mb4_unicode_ci;

-- --------------------------------------------------------

--
-- Table structure for table `servers`
--

CREATE TABLE `servers` (
  `id` bigint(20) UNSIGNED NOT NULL,
  `licence_user_id` bigint(20) UNSIGNED NOT NULL,
  `server_ip` varchar(45) NOT NULL,
  `active` tinyint(1) NOT NULL DEFAULT 0,
  `created_at` timestamp NULL DEFAULT NULL,
  `updated_at` timestamp NULL DEFAULT NULL,
  `server_mac_address` varchar(255) DEFAULT NULL
) ENGINE=InnoDB DEFAULT CHARSET=utf8mb4 COLLATE=utf8mb4_unicode_ci;

--
-- Dumping data for table `servers`
--

INSERT INTO `servers` (`id`, `licence_user_id`, `server_ip`, `active`, `created_at`, `updated_at`, `server_mac_address`) VALUES
(154, 24, '156.215.3.225', 1, '2023-10-29 14:38:09', '2024-10-24 10:17:30', '14:d4:24:84:99:b8'),
(156, 24, '197.223.135.187', 1, '2023-10-29 16:23:24', '2023-11-04 20:33:39', 'ec:b1:d7:bc:21:70'),
(157, 24, '95.217.191.7', 1, '2023-10-29 22:20:29', '2023-11-04 21:44:30', 'b1:1b:62:ff:6b:e5'),
(159, 24, '116.203.108.216', 1, '2023-10-29 22:24:39', '2023-11-04 22:14:57', '9b:9a:c6:c6:dc:fa'),
(160, 24, '5.9.50.168', 1, '2023-10-29 22:24:55', '2023-11-21 07:03:50', '44:8a:5b:84:c0:a8'),
(167, 24, '41.40.81.157', 1, '2023-10-31 05:11:18', '2024-06-02 18:54:37', '34:6f:24:c5:ef:73'),
(258, 24, '173.212.253.11', 1, '2023-11-21 18:37:52', '2023-11-21 18:39:25', 'f0:cd:00:7a:05:c8'),
(270, 24, '173.212.253.11', 1, '2023-11-21 21:08:46', '2023-11-21 21:08:46', 'b5:1a:f3:29:18:33'),
(685, 24, '41.40.69.170', 1, '2024-01-23 19:07:39', '2024-01-27 15:04:11', '08:00:27:e4:72:db'),
(698, 24, '154.176.183.152', 1, '2024-01-28 01:34:07', '2024-01-28 01:34:07', '14:13:33:28:03:4a'),
(861, 83, '41.40.11.31', 1, '2024-05-17 20:46:13', '2024-08-27 04:27:45', '34:6f:24:c5:ef:73'),
(862, 83, '41.238.182.201', 1, '2024-05-17 22:59:31', '2024-07-25 20:45:51', 'ec:b1:d7:bc:21:70'),
(863, 83, '5.9.50.168', 1, '2024-05-17 23:11:42', '2024-10-25 17:32:58', '44:8a:5b:84:c0:a8'),
(864, 83, '41.38.183.83', 1, '2024-05-18 07:18:46', '2024-08-19 10:24:24', 'e0:06:e6:75:7e:30'),
(865, 83, '156.215.3.225', 1, '2024-05-18 07:28:35', '2024-10-24 20:58:41', '14:d4:24:84:99:b8'),
(873, 83, '154.186.223.67', 1, '2024-05-20 17:02:14', '2024-05-21 12:39:21', 'd2:89:9c:11:54:4f'),
(875, 83, '41.236.207.15', 1, '2024-05-21 14:54:05', '2024-05-24 17:48:30', 'fd:18:c8:1d:b9:f5'),
(877, 83, '95.217.191.7', 1, '2024-05-22 19:38:27', '2024-06-23 16:25:28', 'b1:1b:62:ff:6b:e5'),
(896, 83, '41.42.216.170', 1, '2024-05-29 10:19:37', '2024-10-18 17:11:30', '50:81:40:36:0d:ac'),
(898, 24, '41.47.153.47', 1, '2024-05-29 15:42:41', '2024-10-13 04:50:19', '08:00:27:90:20:60'),
(907, 24, '156.214.176.197', 1, '2024-05-31 16:40:54', '2024-09-09 12:25:35', '50:81:40:36:0d:ac'),
(918, 24, '41.44.29.100', 1, '2024-06-02 12:10:10', '2024-09-03 09:10:44', '24:ec:99:23:ad:24'),
(919, 83, '41.46.130.50', 1, '2024-06-02 12:39:16', '2024-10-25 07:28:41', '24:ec:99:23:ad:24'),
(963, 83, '41.47.137.90', 1, '2024-06-10 20:51:58', '2024-09-17 23:04:52', '08:00:27:90:20:60'),
(975, 83, '195.7.4.148', 1, '2024-06-12 08:22:58', '2024-06-14 09:54:07', 'eb:94:35:e0:2e:f8'),
(988, 91, '41.40.73.89', 1, '2024-06-22 17:21:32', '2024-07-13 17:24:02', '34:6f:24:c5:ef:73'),
(989, 83, '95.217.191.7', 1, '2024-06-23 16:41:46', '2024-07-31 09:52:46', 'f1:29:54:cf:e4:25'),
(994, 24, '41.45.86.26', 1, '2024-06-28 07:07:28', '2024-07-17 11:34:50', 'c0:c2:db:0e:af:60'),
(995, 83, '41.45.86.26', 1, '2024-06-28 07:24:54', '2024-07-17 12:48:56', 'c0:c2:db:0e:af:60'),
(1001, 91, '105.197.133.75', 1, '2024-07-01 18:42:22', '2024-07-08 21:21:36', '08:00:27:90:20:60'),
(1002, 91, '66.94.118.174', 1, '2024-07-01 21:49:00', '2024-07-02 22:21:17', 'd8:13:bf:65:94:82'),
(1006, 83, '195.7.4.148', 1, '2024-07-02 23:20:40', '2024-07-02 23:20:40', 'c8:7f:af:4e:da:65'),
(1007, 91, '85.239.237.148', 1, '2024-07-02 23:32:25', '2024-07-15 10:28:57', 'b6:93:82:a4:cd:60'),
(1012, 83, '156.209.148.210', 1, '2024-07-03 20:24:36', '2024-07-04 06:07:35', '84:a6:c8:4c:f1:f2'),
(1014, 91, '66.94.118.174', 1, '2024-07-04 08:42:14', '2024-08-04 22:44:48', '97:44:0f:22:61:e6'),
(1015, 83, '37.187.24.154', 1, '2024-07-04 14:13:58', '2024-10-10 19:39:40', '00:25:90:a6:a1:c5'),
(1036, 83, '195.7.4.148', 1, '2024-07-16 20:36:17', '2024-07-16 20:39:04', '86:4a:a7:43:bf:ba'),
(1039, 83, '195.7.4.148', 1, '2024-07-17 05:09:40', '2024-07-20 21:58:05', 'fa:2e:84:48:ca:6a'),
(1053, 83, '95.217.191.7', 1, '2024-07-31 10:01:22', '2024-10-02 16:49:51', 'f5:25:53:51:13:cc'),
(1059, 99, '41.237.103.35', 1, '2024-08-06 17:58:04', '2024-09-01 13:11:06', '08:00:27:90:20:60'),
(1060, 99, '41.40.11.31', 1, '2024-08-06 17:59:57', '2024-08-27 07:17:15', '34:6f:24:c5:ef:73'),
(1061, 99, '156.205.112.236', 1, '2024-08-06 18:14:13', '2024-08-06 19:16:00', 'd3:23:1f:4a:18:b8'),
(1062, 99, '162.55.48.146', 1, '2024-08-06 19:00:27', '2024-08-06 19:02:05', 'a5:b3:f1:47:b4:53'),
(1063, 99, '162.55.48.146', 1, '2024-08-06 21:03:55', '2024-08-08 17:43:45', 'f2:b6:2d:ce:eb:95'),
(1064, 99, '156.205.253.201', 1, '2024-08-06 21:14:48', '2024-10-24 18:50:57', '3c:52:82:79:58:ea'),
(1076, 99, '156.195.96.65', 1, '2024-08-26 15:20:01', '2024-08-26 15:28:44', '9c:ee:da:34:06:e6'),
(1077, 99, '162.55.48.146', 1, '2024-08-26 15:39:09', '2024-08-29 11:32:17', '94:96:6f:83:b1:25'),
(1094, 99, '41.40.98.221', 1, '2024-08-31 13:31:08', '2024-09-09 05:16:05', '5c:60:ba:74:90:a7'),
(1097, 83, '41.43.18.1', 1, '2024-09-02 18:32:49', '2024-10-22 06:44:54', '5c:60:ba:74:90:a7'),
(1108, 83, '172.252.85.51', 1, '2024-09-08 14:04:50', '2024-09-18 05:24:21', 'c4:b9:65:28:35:01'),
(1115, 110, '172.252.85.51', 1, '2024-09-10 11:40:57', '2024-09-17 10:00:10', 'c4:b9:65:28:35:01'),
(1119, 24, '41.35.245.124', 1, '2024-09-12 15:48:05', '2024-10-17 18:32:16', '5c:60:ba:74:90:a7'),
(1120, 83, '212.227.175.133', 1, '2024-09-14 09:00:56', '2024-09-23 18:02:38', '00:50:56:2f:50:b5'),
(1121, 83, '51.222.254.70', 1, '2024-09-14 20:25:57', '2024-09-14 20:41:49', 'd0:50:99:fc:d0:59'),
(1131, 116, '212.227.175.133', 1, '2024-09-17 20:26:38', '2024-09-26 11:48:11', '00:50:56:2f:50:b5'),
(1132, 116, '156.198.200.148', 1, '2024-09-17 23:42:21', '2024-10-25 20:00:32', '30:24:32:7f:aa:e8'),
(1133, 116, '102.188.123.218', 1, '2024-09-18 04:28:07', '2024-10-24 12:02:21', '80:ce:62:9f:6a:46'),
(1134, 83, '172.252.85.51', 1, '2024-09-18 05:26:31', '2024-09-19 16:30:26', 'd3:99:cb:f6:c7:71'),
(1136, 116, '197.133.100.102', 1, '2024-09-19 04:07:37', '2024-10-23 11:26:02', '74:27:ea:fd:5c:0b'),
(1137, 116, '197.133.80.159', 1, '2024-09-19 04:59:20', '2024-09-19 04:59:20', '74:27:ea:fe:f2:6b'),
(1138, 116, '197.133.100.102', 1, '2024-09-19 04:59:44', '2024-10-24 13:00:31', '74:27:ea:23:f0:b6'),
(1140, 116, '197.133.100.102', 1, '2024-09-19 10:01:22', '2024-10-22 11:42:25', '74:27:ea:fe:f2:73'),
(1141, 83, '172.252.85.51', 1, '2024-09-21 01:54:43', '2024-10-09 11:12:32', 'b3:e9:24:3c:f8:e3'),
(1143, 116, '196.221.92.96', 1, '2024-09-22 10:23:35', '2024-10-20 09:52:39', '74:27:ea:54:57:72'),
(1144, 117, '197.35.199.20', 1, '2024-09-23 05:08:40', '2024-09-23 05:13:36', '40:a8:f0:66:e1:b4'),
(1145, 117, '197.38.111.221', 1, '2024-09-23 05:08:53', '2024-09-26 07:07:44', 'a0:48:1c:98:06:fc'),
(1146, 117, '41.40.67.122', 1, '2024-09-23 05:36:19', '2024-09-26 05:50:45', '5c:60:ba:74:90:a7'),
(1148, 116, '197.133.80.159', 1, '2024-09-23 09:04:12', '2024-10-10 10:08:19', '74:27:ea:55:ef:65'),
(1153, 116, '197.133.80.159', 1, '2024-09-25 05:12:11', '2024-10-19 06:37:51', '74:27:ea:23:eb:9c'),
(1154, 110, '172.252.85.51', 1, '2024-09-25 05:54:09', '2024-10-09 07:03:49', 'b3:e9:24:3c:f8:e3'),
(1155, 116, '41.43.18.1', 1, '2024-09-26 04:25:05', '2024-10-22 20:44:01', '5c:60:ba:74:90:a7'),
(1156, 116, '197.133.80.159', 1, '2024-09-26 06:31:44', '2024-10-14 07:04:19', '74:27:ea:fc:ef:8c'),
(1157, 117, '156.197.34.210', 1, '2024-09-26 06:39:19', '2024-09-29 11:45:35', '3c:52:82:51:fc:6e'),
(1158, 117, '156.197.22.41', 1, '2024-09-26 06:39:19', '2024-09-26 06:57:10', '3c:52:82:51:fc:6e'),
(1159, 117, '156.197.22.41', 1, '2024-09-26 06:39:19', '2024-09-26 06:57:10', '3c:52:82:51:fc:6e'),
(1160, 117, '156.197.22.41', 1, '2024-09-26 06:39:19', '2024-09-26 06:57:11', '3c:52:82:51:fc:6e'),
(1161, 117, '156.197.22.41', 1, '2024-09-26 06:39:19', '2024-09-26 06:57:11', '3c:52:82:51:fc:6e'),
(1162, 117, '156.197.22.41', 1, '2024-09-26 06:39:19', '2024-09-26 06:57:11', '3c:52:82:51:fc:6e'),
(1163, 117, '156.197.22.41', 1, '2024-09-26 06:39:19', '2024-09-26 06:57:11', '3c:52:82:51:fc:6e'),
(1164, 117, '156.197.22.41', 1, '2024-09-26 06:39:19', '2024-09-26 06:57:11', '3c:52:82:51:fc:6e'),
(1165, 117, '156.197.22.41', 1, '2024-09-26 06:39:19', '2024-09-26 06:57:10', '3c:52:82:51:fc:6e'),
(1166, 117, '80.208.227.45', 1, '2024-09-26 07:27:09', '2024-09-28 10:26:10', 'cf:5e:84:bd:fb:69'),
(1167, 117, '80.208.227.45', 1, '2024-09-26 07:27:09', '2024-09-26 07:50:06', 'cf:5e:84:bd:fb:69'),
(1168, 117, '80.208.227.45', 1, '2024-09-26 07:27:09', '2024-09-26 07:50:07', 'cf:5e:84:bd:fb:69'),
(1169, 117, '80.208.227.45', 1, '2024-09-26 07:27:09', '2024-09-28 10:26:39', 'cf:5e:84:bd:fb:69'),
(1171, 116, '82.165.67.17', 1, '2024-09-27 22:53:57', '2024-10-22 08:08:37', '00:50:56:33:5f:21'),
(1172, 83, '20.52.251.13', 1, '2024-09-29 13:31:39', '2024-10-24 09:17:50', '60:45:bd:17:3b:c1'),
(1173, 83, '156.215.150.52', 1, '2024-09-29 17:06:12', '2024-10-12 15:03:44', 'dd:b3:d5:df:48:20'),
(1174, 24, '20.52.251.13', 1, '2024-09-30 09:21:37', '2024-10-23 07:18:53', '60:45:bd:17:3b:c1'),
(1176, 116, '102.57.11.171', 1, '2024-10-01 04:19:46', '2024-10-19 08:31:04', '74:27:ea:23:46:e9'),
(1177, 116, '102.188.123.218', 1, '2024-10-01 15:23:02', '2024-10-24 12:28:56', '08:2e:5f:0d:2a:48'),
(1179, 110, '194.26.192.172', 1, '2024-10-03 10:04:51', '2024-10-03 10:56:16', '02:a3:2d:0a:e7:8e'),
(1181, 113, '51.222.254.70', 1, '2024-10-05 09:41:19', '2024-10-10 23:19:53', 'd0:50:99:fc:d0:5a'),
(1182, 118, '2.58.56.226', 1, '2024-10-07 19:42:38', '2024-10-24 02:53:02', 'a2:84:b0:b9:34:63'),
(1183, 116, '197.133.80.159', 1, '2024-10-08 13:35:28', '2024-10-17 12:26:52', 'ec:b1:d7:5c:0a:7f'),
(1184, 116, '197.133.80.159', 1, '2024-10-09 06:12:46', '2024-10-09 06:12:46', 'c0:3f:d5:54:f0:01'),
(1185, 83, '172.252.85.51', 1, '2024-10-09 15:56:22', '2024-10-14 14:47:56', '9d:0c:c3:6b:c5:b8'),
(1186, 110, '172.252.85.51', 1, '2024-10-09 16:00:23', '2024-10-14 14:42:57', '9d:0c:c3:6b:c5:b8'),
(1188, 120, '41.43.18.1', 1, '2024-10-11 11:09:47', '2024-10-20 09:22:04', '5c:60:ba:74:90:a7'),
(1189, 116, '41.44.36.245', 1, '2024-10-12 05:44:08', '2024-10-23 11:08:29', '74:27:ea:54:59:c5'),
(1190, 83, '156.215.150.52', 1, '2024-10-13 05:47:17', '2024-10-14 19:11:44', 'ac:5f:53:85:e5:fe'),
(1192, 122, '108.181.124.131', 1, '2024-10-14 12:28:33', '2024-10-23 08:03:15', '0c:c4:7a:e3:b9:52'),
(1193, 122, '163.172.32.246', 1, '2024-10-14 12:32:48', '2024-10-23 16:05:49', '0c:c4:7a:57:5e:c2'),
(1194, 83, '102.42.198.152', 1, '2024-10-14 19:57:21', '2024-10-22 12:32:12', '82:46:46:1d:fc:96'),
(1195, 123, '41.35.245.124', 1, '2024-10-15 04:55:32', '2024-10-15 04:59:03', '5c:60:ba:74:90:a7'),
(1196, 123, '41.35.245.124', 1, '2024-10-15 05:17:11', '2024-10-15 07:37:31', '08:00:27:90:20:60'),
(1197, 123, '156.205.73.105', 1, '2024-10-15 05:34:46', '2024-10-25 17:32:13', '3c:52:82:79:58:ea'),
(1198, 116, '41.35.245.124', 1, '2024-10-15 19:57:35', '2024-10-15 20:05:07', '08:00:27:90:20:60'),
(1199, 83, '172.252.85.51', 1, '2024-10-15 20:18:00', '2024-10-25 15:50:31', 'df:5c:05:04:f7:fa'),
(1200, 110, '172.252.85.51', 1, '2024-10-16 07:40:20', '2024-10-25 15:39:29', 'df:5c:05:04:f7:fa'),
(1202, 113, '41.35.245.124', 1, '2024-10-17 18:37:36', '2024-10-17 18:43:42', '5c:60:ba:74:90:a7'),
(1203, 125, '41.35.245.124', 1, '2024-10-17 19:10:28', '2024-10-17 19:10:28', '5c:60:ba:74:90:a7'),
(1204, 122, '192.30.242.204', 1, '2024-10-18 12:55:27', '2024-10-19 14:52:44', '7c:d3:0a:c6:33:44'),
(1205, 126, '192.30.242.204', 1, '2024-10-18 19:11:28', '2024-10-18 19:11:28', '7c:d3:0a:c6:33:44'),
(1206, 83, '156.214.111.248', 1, '2024-10-20 03:09:10', '2024-10-25 20:22:03', 'ec:2e:98:4d:a4:a8'),
(1207, 123, '188.236.188.151', 1, '2024-10-20 19:47:09', '2024-10-21 15:12:36', '20:4e:f6:a5:d7:e0'),
(1209, 120, '41.46.132.112', 1, '2024-10-21 13:57:06', '2024-10-21 14:00:52', '14:d4:24:84:99:b8'),
(1210, 120, '20.52.251.13', 1, '2024-10-21 14:49:44', '2024-10-22 15:01:17', '60:45:bd:17:3b:c1'),
(1211, 120, '156.214.126.91', 1, '2024-10-21 14:51:05', '2024-10-23 06:47:16', 'ec:2e:98:4d:a4:a8'),
(1212, 120, '41.46.130.50', 1, '2024-10-21 15:23:48', '2024-10-21 15:24:07', '24:ec:99:23:ad:24'),
(1214, 122, '41.43.18.1', 1, '2024-10-22 18:08:34', '2024-10-22 18:26:45', '5c:60:ba:74:90:a7'),
(1215, 122, '41.43.18.1', 1, '2024-10-22 18:34:48', '2024-10-22 18:34:48', '08:00:27:90:20:60'),
(1216, 122, '41.37.242.23', 1, '2024-10-22 18:44:35', '2024-10-22 18:44:35', 'a0:8c:fd:ed:4b:50'),
(1217, 116, '89.149.217.161', 1, '2024-10-22 20:18:31', '2024-10-25 18:57:39', '08:92:04:9c:2b:ba'),
(1218, 83, '41.42.219.146', 1, '2024-10-23 06:53:09', '2024-10-25 14:55:20', 'ff:5c:68:90:f0:4d'),
(1219, 116, '102.188.10.54', 1, '2024-10-23 17:25:45', '2024-10-25 19:00:12', 'c4:65:16:ab:3d:6f'),
(1220, 118, '45.94.31.59', 1, '2024-10-24 01:58:47', '2024-10-25 17:25:39', '4e:72:b5:48:05:2f'),
(1221, 120, '41.42.219.146', 1, '2024-10-24 10:12:41', '2024-10-25 08:39:37', 'ff:5c:68:90:f0:4d'),
(1222, 127, '127.0.0.1', 1, '2024-10-25 20:23:18', '2024-10-25 20:23:18', 'fd:18:c8:1d:b7:f6');

-- --------------------------------------------------------

--
-- Table structure for table `server_applications`
--

CREATE TABLE `server_applications` (
  `id` bigint(20) UNSIGNED NOT NULL,
  `licence_user_id` bigint(20) UNSIGNED NOT NULL,
  `server_id` bigint(20) UNSIGNED NOT NULL,
  `application_id` bigint(20) UNSIGNED NOT NULL,
  `active` tinyint(1) NOT NULL DEFAULT 0,
  `licence_date` date NOT NULL,
  `created_at` timestamp NULL DEFAULT NULL,
  `updated_at` timestamp NULL DEFAULT NULL,
  `show_message` tinyint(1) NOT NULL DEFAULT 1,
  `message` varchar(255) NOT NULL DEFAULT '\nDEV: TPCT\nFACEBOOK: https://www.facebook.com/taylor.ackerley.9/\nMOBILE: +201094950765',
  `start_date` timestamp NOT NULL DEFAULT '2024-10-25 20:02:53',
  `end_date` timestamp NOT NULL DEFAULT '2024-10-25 20:02:53'
) ENGINE=InnoDB DEFAULT CHARSET=utf8mb4 COLLATE=utf8mb4_unicode_ci;

--
-- Dumping data for table `server_applications`
--

INSERT INTO `server_applications` (`id`, `licence_user_id`, `server_id`, `application_id`, `active`, `licence_date`, `created_at`, `updated_at`, `show_message`, `message`, `start_date`, `end_date`) VALUES
(163, 13, 129, 1, 0, '2023-10-25', '2023-10-25 01:04:25', '2023-10-25 01:04:25', 1, '\nDEV: TPCT\nFACEBOOK: https://www.facebook.com/taylor.ackerley.9/\nMOBILE: +201094950765', '2024-10-25 20:02:53', '2024-10-25 20:02:53'),
(164, 13, 129, 11, 0, '2023-10-25', '2023-10-25 01:04:42', '2023-10-25 01:04:42', 1, '\nDEV: TPCT\nFACEBOOK: https://www.facebook.com/taylor.ackerley.9/\nMOBILE: +201094950765', '2024-10-25 20:02:53', '2024-10-25 20:02:53'),
(165, 13, 130, 11, 0, '2023-10-25', '2023-10-25 01:06:43', '2023-10-25 01:06:43', 1, '\nDEV: TPCT\nFACEBOOK: https://www.facebook.com/taylor.ackerley.9/\nMOBILE: +201094950765', '2024-10-25 20:02:53', '2024-10-25 20:02:53'),
(169, 17, 132, 12, 0, '2023-10-26', '2023-10-26 07:31:41', '2023-10-26 07:31:41', 1, '\nDEV: TPCT\nFACEBOOK: https://www.facebook.com/taylor.ackerley.9/\nMOBILE: +201094950765', '2024-10-25 20:02:53', '2024-10-25 20:02:53'),
(173, 18, 135, 12, 0, '2023-10-26', '2023-10-26 11:09:40', '2023-10-26 11:09:40', 1, '\nDEV: TPCT\nFACEBOOK: https://www.facebook.com/taylor.ackerley.9/\nMOBILE: +201094950765', '2024-10-25 20:02:53', '2024-10-25 20:02:53'),
(175, 19, 137, 1, 0, '2023-10-26', '2023-10-26 20:13:22', '2023-10-26 20:13:22', 1, '\nDEV: TPCT\nFACEBOOK: https://www.facebook.com/taylor.ackerley.9/\nMOBILE: +201094950765', '2024-10-25 20:02:53', '2024-10-25 20:02:53'),
(180, 21, 142, 11, 0, '2023-10-27', '2023-10-27 15:47:49', '2023-10-27 15:47:49', 1, '\nDEV: TPCT\nFACEBOOK: https://www.facebook.com/taylor.ackerley.9/\nMOBILE: +201094950765', '2024-10-25 20:02:53', '2024-10-25 20:02:53'),
(183, 21, 144, 1, 0, '2023-10-01', '2023-10-28 11:03:39', '2023-10-28 11:03:39', 1, '\nDEV: TPCT\nFACEBOOK: https://www.facebook.com/taylor.ackerley.9/\nMOBILE: +201094950765', '2024-10-25 20:02:53', '2024-10-25 20:02:53'),
(186, 22, 146, 1, 0, '2023-10-28', '2023-10-28 19:53:47', '2023-10-28 19:53:47', 1, '\nDEV: TPCT\nFACEBOOK: https://www.facebook.com/taylor.ackerley.9/\nMOBILE: +201094950765', '2024-10-25 20:02:53', '2024-10-25 20:02:53'),
(189, 22, 149, 1, 0, '2023-10-01', '2023-10-28 22:23:41', '2023-10-28 22:23:41', 1, '\nDEV: TPCT\nFACEBOOK: https://www.facebook.com/taylor.ackerley.9/\nMOBILE: +201094950765', '2024-10-25 20:02:53', '2024-10-25 20:02:53'),
(191, 25, 155, 31, 0, '2023-10-29', '2023-10-29 14:39:51', '2023-10-29 14:39:51', 1, '\nDEV: TPCT\nFACEBOOK: https://www.facebook.com/taylor.ackerley.9/\nMOBILE: +201094950765', '2024-10-25 20:02:53', '2024-10-25 20:02:53'),
(192, 24, 154, 31, 1, '2023-11-10', '2023-11-10 09:45:41', '2023-11-10 09:45:41', 1, '\nDEV: TPCT\nFACEBOOK: https://www.facebook.com/taylor.ackerley.9/\nMOBILE: +201094950765', '2024-10-25 20:02:53', '2024-10-25 20:02:53'),
(193, 24, 156, 4, 1, '2023-11-04', '2023-11-04 20:33:39', '2023-11-04 20:33:39', 1, '\nDEV: TPCT\nFACEBOOK: https://www.facebook.com/taylor.ackerley.9/\nMOBILE: +201094950765', '2024-10-25 20:02:53', '2024-10-25 20:02:53'),
(196, 24, 157, 4, 1, '2023-11-04', '2023-11-04 21:44:30', '2023-11-04 21:44:30', 1, '\nDEV: TPCT\nFACEBOOK: https://www.facebook.com/taylor.ackerley.9/\nMOBILE: +201094950765', '2024-10-25 20:02:53', '2024-10-25 20:02:53'),
(198, 24, 159, 4, 1, '2023-11-04', '2023-11-04 22:14:57', '2023-11-04 22:14:57', 1, '\nDEV: TPCT\nFACEBOOK: https://www.facebook.com/taylor.ackerley.9/\nMOBILE: +201094950765', '2024-10-25 20:02:53', '2024-10-25 20:02:53'),
(199, 24, 160, 4, 1, '2023-11-21', '2023-11-21 07:03:50', '2023-11-21 07:03:50', 1, '\nDEV: TPCT\nFACEBOOK: https://www.facebook.com/taylor.ackerley.9/\nMOBILE: +201094950765', '2024-10-25 20:02:53', '2024-10-25 20:02:53'),
(208, 24, 154, 4, 1, '2024-07-12', '2024-07-12 20:56:42', '2024-07-12 20:56:42', 1, '\nDEV: TPCT\nFACEBOOK: https://www.facebook.com/taylor.ackerley.9/\nMOBILE: +201094950765', '2024-10-25 20:02:53', '2024-10-25 20:02:53'),
(209, 27, 166, 4, 0, '2023-10-31', '2023-10-31 04:28:09', '2023-10-31 04:28:09', 1, '\nDEV: TPCT\nFACEBOOK: https://www.facebook.com/taylor.ackerley.9/\nMOBILE: +201094950765', '2024-10-25 20:02:53', '2024-10-25 20:02:53'),
(210, 24, 167, 4, 1, '2023-12-22', '2023-12-22 12:03:24', '2023-12-22 12:03:24', 1, '\nDEV: TPCT\nFACEBOOK: https://www.facebook.com/taylor.ackerley.9/\nMOBILE: +201094950765', '2024-10-25 20:02:53', '2024-10-25 20:02:53'),
(213, 24, 154, 11, 1, '2024-08-20', '2024-08-20 08:00:25', '2024-08-20 08:00:25', 1, '\nDEV: TPCT\nFACEBOOK: https://www.facebook.com/taylor.ackerley.9/\nMOBILE: +201094950765', '2024-10-25 20:02:53', '2024-10-25 20:02:53'),
(266, 24, 154, 1, 1, '2024-01-17', '2024-01-17 16:07:35', '2024-01-17 16:07:35', 1, '\nDEV: TPCT\nFACEBOOK: https://www.facebook.com/taylor.ackerley.9/\nMOBILE: +201094950765', '2024-10-25 20:02:53', '2024-10-25 20:02:53'),
(320, 29, 243, 4, 0, '2023-12-10', '2023-12-10 09:28:31', '2023-12-10 09:28:31', 1, '\nDEV: TPCT\nFACEBOOK: https://www.facebook.com/taylor.ackerley.9/\nMOBILE: +201094950765', '2024-10-25 20:02:53', '2024-10-25 20:02:53'),
(340, 24, 258, 4, 1, '2023-11-21', '2023-11-21 18:39:25', '2023-11-21 18:39:25', 1, '\nDEV: TPCT\nFACEBOOK: https://www.facebook.com/taylor.ackerley.9/\nMOBILE: +201094950765', '2024-10-25 20:02:53', '2024-10-25 20:02:53'),
(344, 39, 262, 35, 0, '2023-11-21', '2023-11-21 20:51:56', '2023-11-21 20:51:56', 1, '\nDEV: TPCT\nFACEBOOK: https://www.facebook.com/taylor.ackerley.9/\nMOBILE: +201094950765', '2024-10-25 20:02:53', '2024-10-25 20:02:53'),
(348, 41, 266, 35, 0, '2023-11-21', '2023-11-21 20:54:56', '2023-11-21 20:54:56', 1, '\nDEV: TPCT\nFACEBOOK: https://www.facebook.com/taylor.ackerley.9/\nMOBILE: +201094950765', '2024-10-25 20:02:53', '2024-10-25 20:02:53'),
(349, 42, 267, 35, 0, '2023-11-21', '2023-11-21 20:56:43', '2023-11-21 20:56:43', 1, '\nDEV: TPCT\nFACEBOOK: https://www.facebook.com/taylor.ackerley.9/\nMOBILE: +201094950765', '2024-10-25 20:02:53', '2024-10-25 20:02:53'),
(352, 24, 270, 4, 1, '2023-11-21', '2023-11-21 21:08:46', '2023-11-21 21:08:46', 1, '\nDEV: TPCT\nFACEBOOK: https://www.facebook.com/taylor.ackerley.9/\nMOBILE: +201094950765', '2024-10-25 20:02:53', '2024-10-25 20:02:53'),
(402, 31, 300, 1, 0, '2023-11-28', '2023-11-28 13:23:47', '2023-11-28 13:23:47', 1, '\nDEV: TPCT\nFACEBOOK: https://www.facebook.com/taylor.ackerley.9/\nMOBILE: +201094950765', '2024-10-25 20:02:53', '2024-10-25 20:02:53'),
(444, 8, 219, 1, 1, '2023-11-30', '2023-11-30 10:05:43', '2023-11-30 10:05:43', 1, '\nDEV: TPCT\nFACEBOOK: https://www.facebook.com/taylor.ackerley.9/\nMOBILE: +201094950765', '2024-10-25 20:02:53', '2024-10-25 20:02:53'),
(455, 49, 344, 46, 0, '2023-11-30', '2023-11-30 20:14:23', '2023-11-30 20:14:23', 1, '\nDEV: TPCT\nFACEBOOK: https://www.facebook.com/taylor.ackerley.9/\nMOBILE: +201094950765', '2024-10-25 20:02:53', '2024-10-25 20:02:53'),
(458, 49, 347, 46, 0, '2023-12-01', '2023-12-01 00:37:25', '2023-12-01 00:37:25', 1, '\nDEV: TPCT\nFACEBOOK: https://www.facebook.com/taylor.ackerley.9/\nMOBILE: +201094950765', '2024-10-25 20:02:53', '2024-10-25 20:02:53'),
(460, 49, 349, 46, 0, '2023-12-01', '2023-12-01 00:42:20', '2023-12-01 00:42:20', 1, '\nDEV: TPCT\nFACEBOOK: https://www.facebook.com/taylor.ackerley.9/\nMOBILE: +201094950765', '2024-10-25 20:02:53', '2024-10-25 20:02:53'),
(462, 52, 351, 46, 0, '2023-12-01', '2023-12-01 00:46:18', '2023-12-01 00:46:18', 1, '\nDEV: TPCT\nFACEBOOK: https://www.facebook.com/taylor.ackerley.9/\nMOBILE: +201094950765', '2024-10-25 20:02:53', '2024-10-25 20:02:53'),
(466, 54, 355, 46, 0, '2023-12-01', '2023-12-01 08:44:41', '2023-12-01 08:44:41', 1, '\nDEV: TPCT\nFACEBOOK: https://www.facebook.com/taylor.ackerley.9/\nMOBILE: +201094950765', '2024-10-25 20:02:53', '2024-10-25 20:02:53'),
(478, 29, 366, 4, 0, '2023-12-02', '2023-12-02 00:32:55', '2023-12-02 00:32:55', 1, '\nDEV: TPCT\nFACEBOOK: https://www.facebook.com/taylor.ackerley.9/\nMOBILE: +201094950765', '2024-10-25 20:02:53', '2024-10-25 20:02:53'),
(483, 54, 369, 46, 0, '2023-12-03', '2023-12-03 20:22:42', '2023-12-03 20:22:42', 1, '\nDEV: TPCT\nFACEBOOK: https://www.facebook.com/taylor.ackerley.9/\nMOBILE: +201094950765', '2024-10-25 20:02:53', '2024-10-25 20:02:53'),
(649, 60, 482, 46, 0, '2023-12-22', '2023-12-22 17:33:25', '2023-12-22 17:33:25', 1, '\nDEV: TPCT\nFACEBOOK: https://www.facebook.com/taylor.ackerley.9/\nMOBILE: +201094950765', '2024-10-25 20:02:53', '2024-10-25 20:02:53'),
(823, 34, 625, 1, 0, '2024-01-12', '2024-01-12 11:58:39', '2024-01-12 11:58:39', 1, '\nDEV: TPCT\nFACEBOOK: https://www.facebook.com/taylor.ackerley.9/\nMOBILE: +201094950765', '2024-10-25 20:02:53', '2024-10-25 20:02:53'),
(837, 65, 638, 33, 0, '2024-01-15', '2024-01-15 18:13:11', '2024-01-15 18:13:11', 1, '\nDEV: TPCT\nFACEBOOK: https://www.facebook.com/taylor.ackerley.9/\nMOBILE: +201094950765', '2024-10-25 20:02:53', '2024-10-25 20:02:53'),
(847, 65, 647, 33, 0, '2024-01-15', '2024-01-15 19:06:01', '2024-01-15 19:06:01', 1, '\nDEV: TPCT\nFACEBOOK: https://www.facebook.com/taylor.ackerley.9/\nMOBILE: +201094950765', '2024-10-25 20:02:53', '2024-10-25 20:02:53'),
(887, 24, 685, 1, 1, '2024-01-23', '2024-01-23 19:09:39', '2024-01-23 19:09:39', 1, '\nDEV: TPCT\nFACEBOOK: https://www.facebook.com/taylor.ackerley.9/\nMOBILE: +201094950765', '2024-10-25 20:02:53', '2024-10-25 20:02:53'),
(897, 24, 167, 54, 1, '2024-01-27', '2024-01-27 15:13:54', '2024-01-27 15:13:54', 1, '\nDEV: TPCT\nFACEBOOK: https://www.facebook.com/taylor.ackerley.9/\nMOBILE: +201094950765', '2024-10-25 20:02:53', '2024-10-25 20:02:53'),
(898, 24, 154, 54, 1, '2024-09-30', '2024-09-30 07:21:09', '2024-09-30 07:21:09', 1, '\nDEV: TPCT\nFACEBOOK: https://www.facebook.com/taylor.ackerley.9/\nMOBILE: +201094950765', '2024-10-25 20:02:53', '2024-10-25 20:02:53'),
(899, 24, 685, 54, 1, '2024-01-27', '2024-01-27 15:04:11', '2024-01-27 15:04:11', 1, '\nDEV: TPCT\nFACEBOOK: https://www.facebook.com/taylor.ackerley.9/\nMOBILE: +201094950765', '2024-10-25 20:02:53', '2024-10-25 20:02:53'),
(903, 24, 698, 54, 1, '2024-01-27', '2024-01-28 01:34:08', '2024-01-28 01:34:08', 1, '\nDEV: TPCT\nFACEBOOK: https://www.facebook.com/taylor.ackerley.9/\nMOBILE: +201094950765', '2024-10-25 20:02:53', '2024-10-25 20:02:53'),
(1068, 80, 847, 1, 0, '2024-05-13', '2024-05-13 13:31:34', '2024-05-13 13:31:34', 1, '\nDEV: TPCT\nFACEBOOK: https://www.facebook.com/taylor.ackerley.9/\nMOBILE: +201094950765', '2024-10-25 20:02:53', '2024-10-25 20:02:53'),
(1083, 83, 861, 4, 1, '2024-06-13', '2024-06-13 12:14:50', '2024-06-13 12:14:50', 1, '\nDEV: TPCT\nFACEBOOK: https://www.facebook.com/taylor.ackerley.9/\nMOBILE: +201094950765', '2024-10-25 20:02:53', '2024-10-25 20:02:53'),
(1084, 83, 862, 4, 1, '2024-07-25', '2024-07-25 20:45:51', '2024-07-25 20:45:51', 1, '\nDEV: TPCT\nFACEBOOK: https://www.facebook.com/taylor.ackerley.9/\nMOBILE: +201094950765', '2024-10-25 20:02:53', '2024-10-25 20:02:53'),
(1085, 83, 863, 4, 1, '2024-07-25', '2024-07-25 20:47:21', '2024-07-25 20:47:21', 1, '\nDEV: TPCT\nFACEBOOK: https://www.facebook.com/taylor.ackerley.9/\nMOBILE: +201094950765', '2024-10-25 20:02:53', '2024-10-25 20:02:53'),
(1086, 83, 863, 1, 1, '2024-10-25', '2024-10-25 17:32:58', '2024-10-25 17:32:58', 1, '\nDEV: TPCT\nFACEBOOK: https://www.facebook.com/taylor.ackerley.9/\nMOBILE: +201094950765', '2024-10-25 20:02:53', '2024-10-25 20:02:53'),
(1087, 83, 864, 4, 1, '2024-08-19', '2024-08-19 10:24:24', '2024-08-19 10:24:24', 1, '\nDEV: TPCT\nFACEBOOK: https://www.facebook.com/taylor.ackerley.9/\nMOBILE: +201094950765', '2024-10-25 20:02:53', '2024-10-25 20:02:53'),
(1088, 83, 865, 1, 1, '2024-10-24', '2024-10-24 20:58:41', '2024-10-24 20:58:41', 1, '\nDEV: TPCT\nFACEBOOK: https://www.facebook.com/taylor.ackerley.9/\nMOBILE: +201094950765', '2024-10-25 20:02:53', '2024-10-25 20:02:53'),
(1097, 83, 873, 1, 1, '2024-05-21', '2024-05-21 12:39:21', '2024-05-21 12:39:21', 0, '\nDEV: TPCT\nFACEBOOK: https://www.facebook.com/taylor.ackerley.9/\nMOBILE: +201094950765', '2024-10-24 21:00:00', '2024-11-24 22:00:00'),
(1099, 83, 875, 1, 1, '2024-05-24', '2024-05-24 17:48:30', '2024-05-24 17:48:30', 1, '\nDEV: TPCT\nFACEBOOK: https://www.facebook.com/taylor.ackerley.9/\nMOBILE: +201094950765', '2024-10-25 20:02:53', '2024-10-25 20:02:53'),
(1102, 83, 877, 4, 1, '2024-05-24', '2024-05-24 07:17:31', '2024-05-24 07:17:31', 1, '\nDEV: TPCT\nFACEBOOK: https://www.facebook.com/taylor.ackerley.9/\nMOBILE: +201094950765', '2024-10-25 20:02:53', '2024-10-25 20:02:53'),
(1104, 24, 167, 1, 1, '2024-06-02', '2024-06-02 18:54:37', '2024-06-02 18:54:37', 1, '\nDEV: TPCT\nFACEBOOK: https://www.facebook.com/taylor.ackerley.9/\nMOBILE: +201094950765', '2024-10-25 20:02:53', '2024-10-25 20:02:53'),
(1105, 24, 167, 58, 1, '2024-05-30', '2024-05-30 21:00:10', '2024-05-30 21:00:10', 1, '\nDEV: TPCT\nFACEBOOK: https://www.facebook.com/taylor.ackerley.9/\nMOBILE: +201094950765', '2024-10-25 20:02:53', '2024-10-25 20:02:53'),
(1126, 83, 896, 1, 1, '2024-10-18', '2024-10-18 17:11:30', '2024-10-18 17:11:30', 1, '\nDEV: TPCT\nFACEBOOK: https://www.facebook.com/taylor.ackerley.9/\nMOBILE: +201094950765', '2024-10-25 20:02:53', '2024-10-25 20:02:53'),
(1128, 24, 898, 58, 1, '2024-05-30', '2024-05-30 21:08:34', '2024-05-30 21:08:34', 1, '\nDEV: TPCT\nFACEBOOK: https://www.facebook.com/taylor.ackerley.9/\nMOBILE: +201094950765', '2024-10-25 20:02:53', '2024-10-25 20:02:53'),
(1133, 24, 154, 58, 1, '2024-08-20', '2024-08-20 11:50:32', '2024-08-20 11:50:32', 1, '\nDEV: TPCT\nFACEBOOK: https://www.facebook.com/taylor.ackerley.9/\nMOBILE: +201094950765', '2024-10-25 20:02:53', '2024-10-25 20:02:53'),
(1138, 24, 907, 58, 1, '2024-09-09', '2024-09-09 12:25:35', '2024-09-09 12:25:35', 1, '\nDEV: TPCT\nFACEBOOK: https://www.facebook.com/taylor.ackerley.9/\nMOBILE: +201094950765', '2024-10-25 20:02:53', '2024-10-25 20:02:53'),
(1141, 24, 898, 1, 1, '2024-06-10', '2024-06-10 20:51:13', '2024-06-10 20:51:13', 1, '\nDEV: TPCT\nFACEBOOK: https://www.facebook.com/taylor.ackerley.9/\nMOBILE: +201094950765', '2024-10-25 20:02:53', '2024-10-25 20:02:53'),
(1152, 24, 918, 58, 1, '2024-09-03', '2024-09-03 09:10:44', '2024-09-03 09:10:44', 1, '\nDEV: TPCT\nFACEBOOK: https://www.facebook.com/taylor.ackerley.9/\nMOBILE: +201094950765', '2024-10-25 20:02:53', '2024-10-25 20:02:53'),
(1153, 83, 919, 1, 1, '2024-10-25', '2024-10-25 07:28:41', '2024-10-25 07:28:41', 1, '\nDEV: TPCT\nFACEBOOK: https://www.facebook.com/taylor.ackerley.9/\nMOBILE: +201094950765', '2024-10-25 20:02:53', '2024-10-25 20:02:53'),
(1166, 74, 931, 1, 0, '2024-06-05', '2024-06-05 19:42:50', '2024-06-05 19:42:50', 1, '\nDEV: TPCT\nFACEBOOK: https://www.facebook.com/taylor.ackerley.9/\nMOBILE: +201094950765', '2024-10-25 20:02:53', '2024-10-25 20:02:53'),
(1210, 83, 861, 1, 1, '2024-08-27', '2024-08-27 04:27:45', '2024-08-27 04:27:45', 1, '\nDEV: TPCT\nFACEBOOK: https://www.facebook.com/taylor.ackerley.9/\nMOBILE: +201094950765', '2024-10-25 20:02:53', '2024-10-25 20:02:53'),
(1211, 83, 963, 1, 1, '2024-09-18', '2024-09-17 23:04:52', '2024-09-17 23:04:52', 1, '\nDEV: TPCT\nFACEBOOK: https://www.facebook.com/taylor.ackerley.9/\nMOBILE: +201094950765', '2024-10-25 20:02:53', '2024-10-25 20:02:53'),
(1213, 86, 964, 34, 0, '2024-07-13', '2024-07-13 14:17:15', '2024-07-13 14:17:15', 1, '\nDEV: TPCT\nFACEBOOK: https://www.facebook.com/taylor.ackerley.9/\nMOBILE: +201094950765', '2024-10-25 20:02:53', '2024-10-25 20:02:53'),
(1214, 86, 965, 34, 0, '2024-07-14', '2024-07-14 13:51:59', '2024-07-14 13:51:59', 1, '\nDEV: TPCT\nFACEBOOK: https://www.facebook.com/taylor.ackerley.9/\nMOBILE: +201094950765', '2024-10-25 20:02:53', '2024-10-25 20:02:53'),
(1215, 86, 966, 34, 0, '2024-07-14', '2024-07-14 15:53:02', '2024-07-14 15:53:02', 1, '\nDEV: TPCT\nFACEBOOK: https://www.facebook.com/taylor.ackerley.9/\nMOBILE: +201094950765', '2024-10-25 20:02:53', '2024-10-25 20:02:53'),
(1216, 86, 967, 34, 0, '2024-07-14', '2024-07-14 15:51:21', '2024-07-14 15:51:21', 1, '\nDEV: TPCT\nFACEBOOK: https://www.facebook.com/taylor.ackerley.9/\nMOBILE: +201094950765', '2024-10-25 20:02:53', '2024-10-25 20:02:53'),
(1219, 83, 861, 65, 1, '2024-08-22', '2024-08-21 22:27:04', '2024-08-21 22:27:04', 1, '\nDEV: TPCT\nFACEBOOK: https://www.facebook.com/taylor.ackerley.9/\nMOBILE: +201094950765', '2024-10-25 20:02:53', '2024-10-25 20:02:53'),
(1222, 86, 972, 34, 0, '2024-07-12', '2024-07-12 06:13:54', '2024-07-12 06:13:54', 1, '\nDEV: TPCT\nFACEBOOK: https://www.facebook.com/taylor.ackerley.9/\nMOBILE: +201094950765', '2024-10-25 20:02:53', '2024-10-25 20:02:53'),
(1223, 83, 963, 4, 1, '2024-06-12', '2024-06-12 08:13:23', '2024-06-12 08:13:23', 1, '\nDEV: TPCT\nFACEBOOK: https://www.facebook.com/taylor.ackerley.9/\nMOBILE: +201094950765', '2024-10-25 20:02:53', '2024-10-25 20:02:53'),
(1224, 83, 963, 65, 1, '2024-08-21', '2024-08-21 21:47:00', '2024-08-21 21:47:00', 1, '\nDEV: TPCT\nFACEBOOK: https://www.facebook.com/taylor.ackerley.9/\nMOBILE: +201094950765', '2024-10-25 20:02:53', '2024-10-25 20:02:53'),
(1227, 83, 975, 4, 1, '2024-06-13', '2024-06-13 20:19:43', '2024-06-13 20:19:43', 1, '\nDEV: TPCT\nFACEBOOK: https://www.facebook.com/taylor.ackerley.9/\nMOBILE: +201094950765', '2024-10-25 20:02:53', '2024-10-25 20:02:53'),
(1236, 83, 963, 66, 1, '2024-06-14', '2024-06-13 22:53:51', '2024-06-13 22:53:51', 1, '\nDEV: TPCT\nFACEBOOK: https://www.facebook.com/taylor.ackerley.9/\nMOBILE: +201094950765', '2024-10-25 20:02:53', '2024-10-25 20:02:53'),
(1237, 83, 975, 66, 1, '2024-06-14', '2024-06-14 09:54:07', '2024-06-14 09:54:07', 1, '\nDEV: TPCT\nFACEBOOK: https://www.facebook.com/taylor.ackerley.9/\nMOBILE: +201094950765', '2024-10-25 20:02:53', '2024-10-25 20:02:53'),
(1239, 83, 863, 66, 1, '2024-07-03', '2024-07-03 19:12:47', '2024-07-03 19:12:47', 1, '\nDEV: TPCT\nFACEBOOK: https://www.facebook.com/taylor.ackerley.9/\nMOBILE: +201094950765', '2024-10-25 20:02:53', '2024-10-25 20:02:53'),
(1241, 83, 861, 66, 1, '2024-07-29', '2024-07-29 07:06:37', '2024-07-29 07:06:37', 1, '\nDEV: TPCT\nFACEBOOK: https://www.facebook.com/taylor.ackerley.9/\nMOBILE: +201094950765', '2024-10-25 20:02:53', '2024-10-25 20:02:53'),
(1243, 83, 877, 1, 1, '2024-06-23', '2024-06-23 16:25:28', '2024-06-23 16:25:28', 1, '\nDEV: TPCT\nFACEBOOK: https://www.facebook.com/taylor.ackerley.9/\nMOBILE: +201094950765', '2024-10-25 20:02:53', '2024-10-25 20:02:53'),
(1244, 83, 862, 1, 1, '2024-06-15', '2024-06-15 08:49:16', '2024-06-15 08:49:16', 1, '\nDEV: TPCT\nFACEBOOK: https://www.facebook.com/taylor.ackerley.9/\nMOBILE: +201094950765', '2024-10-25 20:02:53', '2024-10-25 20:02:53'),
(1246, 24, 154, 65, 1, '2024-10-24', '2024-10-24 10:17:30', '2024-10-24 10:17:30', 1, '\nDEV: TPCT\nFACEBOOK: https://www.facebook.com/taylor.ackerley.9/\nMOBILE: +201094950765', '2024-10-25 20:02:53', '2024-10-25 20:02:53'),
(1250, 91, 988, 67, 1, '2024-07-13', '2024-07-13 17:24:02', '2024-07-13 17:24:02', 1, '\nDEV: TPCT\nFACEBOOK: https://www.facebook.com/taylor.ackerley.9/\nMOBILE: +201094950765', '2024-10-25 20:02:53', '2024-10-25 20:02:53'),
(1251, 83, 989, 1, 1, '2024-07-31', '2024-07-31 09:52:46', '2024-07-31 09:52:46', 1, '\nDEV: TPCT\nFACEBOOK: https://www.facebook.com/taylor.ackerley.9/\nMOBILE: +201094950765', '2024-10-25 20:02:53', '2024-10-25 20:02:53'),
(1252, 91, 988, 68, 1, '2024-07-09', '2024-07-08 22:48:55', '2024-07-08 22:48:55', 1, '\nDEV: TPCT\nFACEBOOK: https://www.facebook.com/taylor.ackerley.9/\nMOBILE: +201094950765', '2024-10-25 20:02:53', '2024-10-25 20:02:53'),
(1257, 86, 992, 34, 0, '2024-07-10', '2024-07-10 16:41:09', '2024-07-10 16:41:09', 1, '\nDEV: TPCT\nFACEBOOK: https://www.facebook.com/taylor.ackerley.9/\nMOBILE: +201094950765', '2024-10-25 20:02:53', '2024-10-25 20:02:53'),
(1259, 24, 994, 58, 1, '2024-07-17', '2024-07-17 11:34:50', '2024-07-17 11:34:50', 1, '\nDEV: TPCT\nFACEBOOK: https://www.facebook.com/taylor.ackerley.9/\nMOBILE: +201094950765', '2024-10-25 20:02:53', '2024-10-25 20:02:53'),
(1260, 83, 995, 1, 1, '2024-07-17', '2024-07-17 12:48:56', '2024-07-17 12:48:56', 1, '\nDEV: TPCT\nFACEBOOK: https://www.facebook.com/taylor.ackerley.9/\nMOBILE: +201094950765', '2024-10-25 20:02:53', '2024-10-25 20:02:53'),
(1266, 91, 1001, 67, 1, '2024-07-08', '2024-07-08 21:21:36', '2024-07-08 21:21:36', 1, '\nDEV: TPCT\nFACEBOOK: https://www.facebook.com/taylor.ackerley.9/\nMOBILE: +201094950765', '2024-10-25 20:02:53', '2024-10-25 20:02:53'),
(1267, 91, 1002, 67, 1, '2024-07-03', '2024-07-02 22:21:17', '2024-07-02 22:21:17', 1, '\nDEV: TPCT\nFACEBOOK: https://www.facebook.com/taylor.ackerley.9/\nMOBILE: +201094950765', '2024-10-25 20:02:53', '2024-10-25 20:02:53'),
(1268, 91, 1002, 68, 1, '2024-07-02', '2024-07-02 16:58:28', '2024-07-02 16:58:28', 1, '\nDEV: TPCT\nFACEBOOK: https://www.facebook.com/taylor.ackerley.9/\nMOBILE: +201094950765', '2024-10-25 20:02:53', '2024-10-25 20:02:53'),
(1273, 83, 1006, 66, 1, '2024-07-03', '2024-07-02 23:20:40', '2024-07-02 23:20:40', 1, '\nDEV: TPCT\nFACEBOOK: https://www.facebook.com/taylor.ackerley.9/\nMOBILE: +201094950765', '2024-10-25 20:02:53', '2024-10-25 20:02:53'),
(1274, 91, 1007, 67, 1, '2024-07-13', '2024-07-13 16:48:42', '2024-07-13 16:48:42', 1, '\nDEV: TPCT\nFACEBOOK: https://www.facebook.com/taylor.ackerley.9/\nMOBILE: +201094950765', '2024-10-25 20:02:53', '2024-10-25 20:02:53'),
(1282, 83, 1012, 66, 1, '2024-07-04', '2024-07-04 06:07:35', '2024-07-04 06:07:35', 1, '\nDEV: TPCT\nFACEBOOK: https://www.facebook.com/taylor.ackerley.9/\nMOBILE: +201094950765', '2024-10-25 20:02:53', '2024-10-25 20:02:53'),
(1284, 91, 1014, 67, 1, '2024-08-05', '2024-08-04 22:44:48', '2024-08-04 22:44:48', 1, '\nDEV: TPCT\nFACEBOOK: https://www.facebook.com/taylor.ackerley.9/\nMOBILE: +201094950765', '2024-10-25 20:02:53', '2024-10-25 20:02:53'),
(1285, 91, 1014, 68, 1, '2024-07-10', '2024-07-10 21:48:43', '2024-07-10 21:48:43', 1, '\nDEV: TPCT\nFACEBOOK: https://www.facebook.com/taylor.ackerley.9/\nMOBILE: +201094950765', '2024-10-25 20:02:53', '2024-10-25 20:02:53'),
(1286, 91, 1007, 68, 1, '2024-07-15', '2024-07-15 10:28:57', '2024-07-15 10:28:57', 1, '\nDEV: TPCT\nFACEBOOK: https://www.facebook.com/taylor.ackerley.9/\nMOBILE: +201094950765', '2024-10-25 20:02:53', '2024-10-25 20:02:53'),
(1287, 83, 1015, 66, 1, '2024-10-10', '2024-10-10 19:39:40', '2024-10-10 19:39:40', 1, '\nDEV: TPCT\nFACEBOOK: https://www.facebook.com/taylor.ackerley.9/\nMOBILE: +201094950765', '2024-10-25 20:02:53', '2024-10-25 20:02:53'),
(1297, 86, 962, 34, 0, '2024-07-14', '2024-07-14 18:16:14', '2024-07-14 18:16:14', 1, '\nDEV: TPCT\nFACEBOOK: https://www.facebook.com/taylor.ackerley.9/\nMOBILE: +201094950765', '2024-10-25 20:02:53', '2024-10-25 20:02:53'),
(1304, 83, 864, 1, 1, '2024-07-15', '2024-07-15 08:50:49', '2024-07-15 08:50:49', 1, '\nDEV: TPCT\nFACEBOOK: https://www.facebook.com/taylor.ackerley.9/\nMOBILE: +201094950765', '2024-10-25 20:02:53', '2024-10-25 20:02:53'),
(1305, 94, 1024, 34, 0, '2024-07-15', '2024-07-15 12:06:35', '2024-07-15 12:06:35', 1, '\nDEV: TPCT\nFACEBOOK: https://www.facebook.com/taylor.ackerley.9/\nMOBILE: +201094950765', '2024-10-25 20:02:53', '2024-10-25 20:02:53'),
(1306, 94, 1025, 34, 0, '2024-07-15', '2024-07-15 12:12:49', '2024-07-15 12:12:49', 1, '\nDEV: TPCT\nFACEBOOK: https://www.facebook.com/taylor.ackerley.9/\nMOBILE: +201094950765', '2024-10-25 20:02:53', '2024-10-25 20:02:53'),
(1307, 94, 1022, 70, 0, '2024-07-16', '2024-07-16 06:30:14', '2024-07-16 06:30:14', 1, '\nDEV: TPCT\nFACEBOOK: https://www.facebook.com/taylor.ackerley.9/\nMOBILE: +201094950765', '2024-10-25 20:02:53', '2024-10-25 20:02:53'),
(1314, 95, 1028, 34, 0, '2024-08-07', '2024-08-07 09:52:35', '2024-08-07 09:52:35', 1, '\nDEV: TPCT\nFACEBOOK: https://www.facebook.com/taylor.ackerley.9/\nMOBILE: +201094950765', '2024-10-25 20:02:53', '2024-10-25 20:02:53'),
(1316, 95, 1030, 34, 0, '2024-08-09', '2024-08-09 12:30:42', '2024-08-09 12:30:42', 1, '\nDEV: TPCT\nFACEBOOK: https://www.facebook.com/taylor.ackerley.9/\nMOBILE: +201094950765', '2024-10-25 20:02:53', '2024-10-25 20:02:53'),
(1317, 95, 1031, 34, 0, '2024-07-17', '2024-07-17 11:41:04', '2024-07-17 11:41:04', 1, '\nDEV: TPCT\nFACEBOOK: https://www.facebook.com/taylor.ackerley.9/\nMOBILE: +201094950765', '2024-10-25 20:02:53', '2024-10-25 20:02:53'),
(1322, 83, 1036, 60, 1, '2024-07-16', '2024-07-16 20:39:04', '2024-07-16 20:39:04', 1, '\nDEV: TPCT\nFACEBOOK: https://www.facebook.com/taylor.ackerley.9/\nMOBILE: +201094950765', '2024-10-25 20:02:53', '2024-10-25 20:02:53'),
(1326, 83, 1039, 60, 1, '2024-07-20', '2024-07-20 21:58:05', '2024-07-20 21:58:05', 1, '\nDEV: TPCT\nFACEBOOK: https://www.facebook.com/taylor.ackerley.9/\nMOBILE: +201094950765', '2024-10-25 20:02:53', '2024-10-25 20:02:53'),
(1327, 95, 1040, 34, 0, '2024-08-07', '2024-08-07 15:49:33', '2024-08-07 15:49:33', 1, '\nDEV: TPCT\nFACEBOOK: https://www.facebook.com/taylor.ackerley.9/\nMOBILE: +201094950765', '2024-10-25 20:02:53', '2024-10-25 20:02:53'),
(1328, 83, 963, 60, 1, '2024-09-09', '2024-09-09 06:02:09', '2024-09-09 06:02:09', 1, '\nDEV: TPCT\nFACEBOOK: https://www.facebook.com/taylor.ackerley.9/\nMOBILE: +201094950765', '2024-10-25 20:02:53', '2024-10-25 20:02:53'),
(1336, 95, 1043, 34, 0, '2024-08-07', '2024-08-07 10:03:47', '2024-08-07 10:03:47', 1, '\nDEV: TPCT\nFACEBOOK: https://www.facebook.com/taylor.ackerley.9/\nMOBILE: +201094950765', '2024-10-25 20:02:53', '2024-10-25 20:02:53'),
(1338, 95, 1045, 34, 0, '2024-08-03', '2024-08-03 13:43:57', '2024-08-03 13:43:57', 1, '\nDEV: TPCT\nFACEBOOK: https://www.facebook.com/taylor.ackerley.9/\nMOBILE: +201094950765', '2024-10-25 20:02:53', '2024-10-25 20:02:53'),
(1346, 69, 1051, 1, 0, '2024-07-29', '2024-07-29 16:02:02', '2024-07-29 16:02:02', 1, '\nDEV: TPCT\nFACEBOOK: https://www.facebook.com/taylor.ackerley.9/\nMOBILE: +201094950765', '2024-10-25 20:02:53', '2024-10-25 20:02:53'),
(1348, 95, 1052, 34, 0, '2024-08-12', '2024-08-12 16:28:54', '2024-08-12 16:28:54', 1, '\nDEV: TPCT\nFACEBOOK: https://www.facebook.com/taylor.ackerley.9/\nMOBILE: +201094950765', '2024-10-25 20:02:53', '2024-10-25 20:02:53'),
(1349, 83, 1053, 1, 1, '2024-10-02', '2024-10-02 16:49:51', '2024-10-02 16:49:51', 1, '\nDEV: TPCT\nFACEBOOK: https://www.facebook.com/taylor.ackerley.9/\nMOBILE: +201094950765', '2024-10-25 20:02:53', '2024-10-25 20:02:53'),
(1351, 97, 1055, 1, 0, '2024-07-31', '2024-07-31 16:35:12', '2024-07-31 16:35:12', 1, '\nDEV: TPCT\nFACEBOOK: https://www.facebook.com/taylor.ackerley.9/\nMOBILE: +201094950765', '2024-10-25 20:02:53', '2024-10-25 20:02:53'),
(1355, 99, 1059, 72, 1, '2024-08-27', '2024-08-27 06:22:03', '2024-08-27 06:22:03', 1, '\nDEV: TPCT\nFACEBOOK: https://www.facebook.com/taylor.ackerley.9/\nMOBILE: +201094950765', '2024-10-25 20:02:53', '2024-10-25 20:02:53'),
(1356, 99, 1060, 72, 1, '2024-08-27', '2024-08-27 07:17:15', '2024-08-27 07:17:15', 1, '\nDEV: TPCT\nFACEBOOK: https://www.facebook.com/taylor.ackerley.9/\nMOBILE: +201094950765', '2024-10-25 20:02:53', '2024-10-25 20:02:53'),
(1357, 99, 1061, 72, 1, '2024-08-06', '2024-08-06 19:16:00', '2024-08-06 19:16:00', 1, '\nDEV: TPCT\nFACEBOOK: https://www.facebook.com/taylor.ackerley.9/\nMOBILE: +201094950765', '2024-10-25 20:02:53', '2024-10-25 20:02:53'),
(1358, 99, 1062, 72, 1, '2024-08-06', '2024-08-06 19:02:05', '2024-08-06 19:02:05', 1, '\nDEV: TPCT\nFACEBOOK: https://www.facebook.com/taylor.ackerley.9/\nMOBILE: +201094950765', '2024-10-25 20:02:53', '2024-10-25 20:02:53'),
(1359, 99, 1063, 72, 1, '2024-08-08', '2024-08-08 17:43:45', '2024-08-08 17:43:45', 1, '\nDEV: TPCT\nFACEBOOK: https://www.facebook.com/taylor.ackerley.9/\nMOBILE: +201094950765', '2024-10-25 20:02:53', '2024-10-25 20:02:53'),
(1360, 99, 1064, 72, 1, '2024-10-22', '2024-10-22 06:40:57', '2024-10-22 06:40:57', 1, '\nDEV: TPCT\nFACEBOOK: https://www.facebook.com/taylor.ackerley.9/\nMOBILE: +201094950765', '2024-10-25 20:02:53', '2024-10-25 20:02:53'),
(1379, 24, 898, 65, 1, '2024-08-21', '2024-08-21 21:48:29', '2024-08-21 21:48:29', 1, '\nDEV: TPCT\nFACEBOOK: https://www.facebook.com/taylor.ackerley.9/\nMOBILE: +201094950765', '2024-10-25 20:02:53', '2024-10-25 20:02:53'),
(1381, 99, 1076, 72, 1, '2024-08-26', '2024-08-26 15:28:44', '2024-08-26 15:28:44', 1, '\nDEV: TPCT\nFACEBOOK: https://www.facebook.com/taylor.ackerley.9/\nMOBILE: +201094950765', '2024-10-25 20:02:53', '2024-10-25 20:02:53'),
(1382, 99, 1077, 72, 1, '2024-08-29', '2024-08-29 11:32:17', '2024-08-29 11:32:17', 1, '\nDEV: TPCT\nFACEBOOK: https://www.facebook.com/taylor.ackerley.9/\nMOBILE: +201094950765', '2024-10-25 20:02:53', '2024-10-25 20:02:53'),
(1385, 87, 941, 73, 0, '2024-08-28', '2024-08-28 07:02:35', '2024-08-28 07:02:35', 1, '\nDEV: TPCT\nFACEBOOK: https://www.facebook.com/taylor.ackerley.9/\nMOBILE: +201094950765', '2024-10-25 20:02:53', '2024-10-25 20:02:53'),
(1404, 99, 1064, 1, 1, '2024-08-29', '2024-08-29 13:28:06', '2024-08-29 13:28:06', 1, '\nDEV: TPCT\nFACEBOOK: https://www.facebook.com/taylor.ackerley.9/\nMOBILE: +201094950765', '2024-10-25 20:02:53', '2024-10-25 20:02:53'),
(1407, 99, 1094, 74, 1, '2024-09-09', '2024-09-09 05:16:05', '2024-09-09 05:16:05', 1, '\nDEV: TPCT\nFACEBOOK: https://www.facebook.com/taylor.ackerley.9/\nMOBILE: +201094950765', '2024-10-25 20:02:53', '2024-10-25 20:02:53'),
(1408, 99, 1059, 74, 1, '2024-09-01', '2024-09-01 13:11:06', '2024-09-01 13:11:06', 1, '\nDEV: TPCT\nFACEBOOK: https://www.facebook.com/taylor.ackerley.9/\nMOBILE: +201094950765', '2024-10-25 20:02:53', '2024-10-25 20:02:53'),
(1409, 99, 1064, 74, 1, '2024-10-24', '2024-10-24 18:50:57', '2024-10-24 18:50:57', 1, '\nDEV: TPCT\nFACEBOOK: https://www.facebook.com/taylor.ackerley.9/\nMOBILE: +201094950765', '2024-10-25 20:02:53', '2024-10-25 20:02:53'),
(1412, 83, 865, 65, 1, '2024-09-01', '2024-09-01 07:23:34', '2024-09-01 07:23:34', 1, '\nDEV: TPCT\nFACEBOOK: https://www.facebook.com/taylor.ackerley.9/\nMOBILE: +201094950765', '2024-10-25 20:02:53', '2024-10-25 20:02:53'),
(1414, 83, 1097, 66, 1, '2024-09-29', '2024-09-29 13:41:45', '2024-09-29 13:41:45', 1, '\nDEV: TPCT\nFACEBOOK: https://www.facebook.com/taylor.ackerley.9/\nMOBILE: +201094950765', '2024-10-25 20:02:53', '2024-10-25 20:02:53'),
(1415, 83, 1097, 65, 1, '2024-09-15', '2024-09-15 08:45:03', '2024-09-15 08:45:03', 1, '\nDEV: TPCT\nFACEBOOK: https://www.facebook.com/taylor.ackerley.9/\nMOBILE: +201094950765', '2024-10-25 20:02:53', '2024-10-25 20:02:53'),
(1421, 101, 1093, 1, 0, '2024-09-07', '2024-09-07 09:32:18', '2024-09-07 09:32:18', 1, '\nDEV: TPCT\nFACEBOOK: https://www.facebook.com/taylor.ackerley.9/\nMOBILE: +201094950765', '2024-10-25 20:02:53', '2024-10-25 20:02:53'),
(1428, 83, 1108, 1, 1, '2024-09-18', '2024-09-18 05:24:21', '2024-09-18 05:24:21', 1, '\nDEV: TPCT\nFACEBOOK: https://www.facebook.com/taylor.ackerley.9/\nMOBILE: +201094950765', '2024-10-25 20:02:53', '2024-10-25 20:02:53'),
(1430, 100, 1110, 34, 0, '2024-09-09', '2024-09-09 11:29:35', '2024-09-09 11:29:35', 1, '\nDEV: TPCT\nFACEBOOK: https://www.facebook.com/taylor.ackerley.9/\nMOBILE: +201094950765', '2024-10-25 20:02:53', '2024-10-25 20:02:53'),
(1432, 83, 1097, 4, 1, '2024-09-30', '2024-09-30 09:39:56', '2024-09-30 09:39:56', 1, '\nDEV: TPCT\nFACEBOOK: https://www.facebook.com/taylor.ackerley.9/\nMOBILE: +201094950765', '2024-10-25 20:02:53', '2024-10-25 20:02:53'),
(1436, 110, 1115, 33, 1, '2024-09-17', '2024-09-17 10:00:10', '2024-09-17 10:00:10', 1, '\nDEV: TPCT\nFACEBOOK: https://www.facebook.com/taylor.ackerley.9/\nMOBILE: +201094950765', '2024-10-25 20:02:53', '2024-10-25 20:02:53'),
(1440, 111, 1118, 1, 0, '2024-09-12', '2024-09-12 15:47:46', '2024-09-12 15:47:46', 1, '\nDEV: TPCT\nFACEBOOK: https://www.facebook.com/taylor.ackerley.9/\nMOBILE: +201094950765', '2024-10-25 20:02:53', '2024-10-25 20:02:53'),
(1441, 24, 1119, 1, 1, '2024-10-17', '2024-10-17 18:32:16', '2024-10-17 18:32:16', 1, '\nDEV: TPCT\nFACEBOOK: https://www.facebook.com/taylor.ackerley.9/\nMOBILE: +201094950765', '2024-10-25 20:02:53', '2024-10-25 20:02:53'),
(1442, 83, 1120, 1, 1, '2024-09-23', '2024-09-23 18:02:38', '2024-09-23 18:02:38', 1, '\nDEV: TPCT\nFACEBOOK: https://www.facebook.com/taylor.ackerley.9/\nMOBILE: +201094950765', '2024-10-25 20:02:53', '2024-10-25 20:02:53'),
(1445, 83, 1121, 1, 1, '2024-09-14', '2024-09-14 20:41:49', '2024-09-14 20:41:49', 1, '\nDEV: TPCT\nFACEBOOK: https://www.facebook.com/taylor.ackerley.9/\nMOBILE: +201094950765', '2024-10-25 20:02:53', '2024-10-25 20:02:53'),
(1446, 111, 1116, 65, 0, '2024-09-15', '2024-09-15 15:54:17', '2024-09-15 15:54:17', 1, '\nDEV: TPCT\nFACEBOOK: https://www.facebook.com/taylor.ackerley.9/\nMOBILE: +201094950765', '2024-10-25 20:02:53', '2024-10-25 20:02:53'),
(1456, 115, 1128, 59, 0, '2024-09-16', '2024-09-16 13:26:02', '2024-09-16 13:26:02', 1, '\nDEV: TPCT\nFACEBOOK: https://www.facebook.com/taylor.ackerley.9/\nMOBILE: +201094950765', '2024-10-25 20:02:53', '2024-10-25 20:02:53'),
(1457, 115, 1128, 55, 0, '2024-09-16', '2024-09-16 13:15:08', '2024-09-16 13:15:08', 1, '\nDEV: TPCT\nFACEBOOK: https://www.facebook.com/taylor.ackerley.9/\nMOBILE: +201094950765', '2024-10-25 20:02:53', '2024-10-25 20:02:53'),
(1461, 116, 1131, 63, 1, '2024-09-26', '2024-09-26 10:53:33', '2024-09-26 10:53:33', 1, '\nDEV: TPCT\nFACEBOOK: https://www.facebook.com/taylor.ackerley.9/\nMOBILE: +201094950765', '2024-10-25 20:02:53', '2024-10-25 20:02:53'),
(1462, 116, 1131, 44, 1, '2024-09-26', '2024-09-26 11:48:11', '2024-09-26 11:48:11', 1, '\nDEV: TPCT\nFACEBOOK: https://www.facebook.com/taylor.ackerley.9/\nMOBILE: +201094950765', '2024-10-25 20:02:53', '2024-10-25 20:02:53'),
(1463, 116, 1132, 64, 1, '2024-10-25', '2024-10-25 20:00:32', '2024-10-25 20:00:32', 1, '\nDEV: TPCT\nFACEBOOK: https://www.facebook.com/taylor.ackerley.9/\nMOBILE: +201094950765', '2024-10-25 20:02:53', '2024-10-25 20:02:53'),
(1465, 116, 1133, 75, 1, '2024-10-24', '2024-10-24 12:02:21', '2024-10-24 12:02:21', 1, '\nDEV: TPCT\nFACEBOOK: https://www.facebook.com/taylor.ackerley.9/\nMOBILE: +201094950765', '2024-10-25 20:02:53', '2024-10-25 20:02:53'),
(1466, 83, 1134, 1, 1, '2024-09-19', '2024-09-19 16:30:26', '2024-09-19 16:30:26', 1, '\nDEV: TPCT\nFACEBOOK: https://www.facebook.com/taylor.ackerley.9/\nMOBILE: +201094950765', '2024-10-25 20:02:53', '2024-10-25 20:02:53'),
(1467, 112, 1135, 34, 0, '2024-09-18', '2024-09-18 10:48:30', '2024-09-18 10:48:30', 1, '\nDEV: TPCT\nFACEBOOK: https://www.facebook.com/taylor.ackerley.9/\nMOBILE: +201094950765', '2024-10-25 20:02:53', '2024-10-25 20:02:53'),
(1468, 116, 1132, 75, 1, '2024-10-23', '2024-10-23 08:26:19', '2024-10-23 08:26:19', 1, '\nDEV: TPCT\nFACEBOOK: https://www.facebook.com/taylor.ackerley.9/\nMOBILE: +201094950765', '2024-10-25 20:02:53', '2024-10-25 20:02:53'),
(1469, 116, 1136, 45, 1, '2024-10-23', '2024-10-23 11:26:03', '2024-10-23 11:26:03', 1, '\nDEV: TPCT\nFACEBOOK: https://www.facebook.com/taylor.ackerley.9/\nMOBILE: +201094950765', '2024-10-25 20:02:53', '2024-10-25 20:02:53'),
(1470, 116, 1137, 45, 1, '2024-09-19', '2024-09-19 04:59:20', '2024-09-19 04:59:20', 1, '\nDEV: TPCT\nFACEBOOK: https://www.facebook.com/taylor.ackerley.9/\nMOBILE: +201094950765', '2024-10-25 20:02:53', '2024-10-25 20:02:53'),
(1471, 116, 1138, 45, 1, '2024-10-24', '2024-10-24 07:47:53', '2024-10-24 07:47:53', 1, '\nDEV: TPCT\nFACEBOOK: https://www.facebook.com/taylor.ackerley.9/\nMOBILE: +201094950765', '2024-10-25 20:02:53', '2024-10-25 20:02:53'),
(1473, 116, 1140, 45, 1, '2024-10-22', '2024-10-22 11:42:25', '2024-10-22 11:42:25', 1, '\nDEV: TPCT\nFACEBOOK: https://www.facebook.com/taylor.ackerley.9/\nMOBILE: +201094950765', '2024-10-25 20:02:53', '2024-10-25 20:02:53'),
(1474, 24, 1119, 76, 1, '2024-09-20', '2024-09-20 21:24:12', '2024-09-20 21:24:12', 1, '\nDEV: TPCT\nFACEBOOK: https://www.facebook.com/taylor.ackerley.9/\nMOBILE: +201094950765', '2024-10-25 20:02:53', '2024-10-25 20:02:53'),
(1475, 83, 1141, 1, 1, '2024-10-09', '2024-10-09 11:12:32', '2024-10-09 11:12:32', 1, '\nDEV: TPCT\nFACEBOOK: https://www.facebook.com/taylor.ackerley.9/\nMOBILE: +201094950765', '2024-10-25 20:02:53', '2024-10-25 20:02:53'),
(1477, 116, 1143, 45, 1, '2024-10-20', '2024-10-20 09:52:39', '2024-10-20 09:52:39', 1, '\nDEV: TPCT\nFACEBOOK: https://www.facebook.com/taylor.ackerley.9/\nMOBILE: +201094950765', '2024-10-25 20:02:53', '2024-10-25 20:02:53'),
(1478, 117, 1144, 51, 1, '2024-09-23', '2024-09-23 05:13:36', '2024-09-23 05:13:36', 1, '\nDEV: TPCT\nFACEBOOK: https://www.facebook.com/taylor.ackerley.9/\nMOBILE: +201094950765', '2024-10-25 20:02:53', '2024-10-25 20:02:53'),
(1479, 117, 1145, 51, 1, '2024-09-26', '2024-09-26 07:07:44', '2024-09-26 07:07:44', 1, '\nDEV: TPCT\nFACEBOOK: https://www.facebook.com/taylor.ackerley.9/\nMOBILE: +201094950765', '2024-10-25 20:02:53', '2024-10-25 20:02:53'),
(1480, 117, 1146, 51, 1, '2024-09-26', '2024-09-26 05:50:45', '2024-09-26 05:50:45', 1, '\nDEV: TPCT\nFACEBOOK: https://www.facebook.com/taylor.ackerley.9/\nMOBILE: +201094950765', '2024-10-25 20:02:53', '2024-10-25 20:02:53'),
(1482, 116, 1148, 45, 1, '2024-10-10', '2024-10-10 10:08:19', '2024-10-10 10:08:19', 1, '\nDEV: TPCT\nFACEBOOK: https://www.facebook.com/taylor.ackerley.9/\nMOBILE: +201094950765', '2024-10-25 20:02:53', '2024-10-25 20:02:53'),
(1486, 112, 1152, 34, 0, '2024-09-24', '2024-09-24 07:44:08', '2024-09-24 07:44:08', 1, '\nDEV: TPCT\nFACEBOOK: https://www.facebook.com/taylor.ackerley.9/\nMOBILE: +201094950765', '2024-10-25 20:02:53', '2024-10-25 20:02:53'),
(1487, 116, 1153, 45, 1, '2024-10-19', '2024-10-19 06:37:51', '2024-10-19 06:37:51', 1, '\nDEV: TPCT\nFACEBOOK: https://www.facebook.com/taylor.ackerley.9/\nMOBILE: +201094950765', '2024-10-25 20:02:53', '2024-10-25 20:02:53'),
(1488, 110, 1154, 33, 1, '2024-10-09', '2024-10-09 07:03:49', '2024-10-09 07:03:49', 1, '\nDEV: TPCT\nFACEBOOK: https://www.facebook.com/taylor.ackerley.9/\nMOBILE: +201094950765', '2024-10-25 20:02:53', '2024-10-25 20:02:53'),
(1489, 116, 1155, 64, 1, '2024-09-26', '2024-09-26 04:28:18', '2024-09-26 04:28:18', 1, '\nDEV: TPCT\nFACEBOOK: https://www.facebook.com/taylor.ackerley.9/\nMOBILE: +201094950765', '2024-10-25 20:02:53', '2024-10-25 20:02:53'),
(1490, 116, 1156, 45, 1, '2024-10-14', '2024-10-14 07:04:19', '2024-10-14 07:04:19', 1, '\nDEV: TPCT\nFACEBOOK: https://www.facebook.com/taylor.ackerley.9/\nMOBILE: +201094950765', '2024-10-25 20:02:53', '2024-10-25 20:02:53'),
(1491, 117, 1163, 51, 1, '2024-09-26', '2024-09-26 06:57:11', '2024-09-26 06:57:11', 1, '\nDEV: TPCT\nFACEBOOK: https://www.facebook.com/taylor.ackerley.9/\nMOBILE: +201094950765', '2024-10-25 20:02:53', '2024-10-25 20:02:53'),
(1492, 117, 1157, 51, 1, '2024-09-29', '2024-09-29 11:45:35', '2024-09-29 11:45:35', 1, '\nDEV: TPCT\nFACEBOOK: https://www.facebook.com/taylor.ackerley.9/\nMOBILE: +201094950765', '2024-10-25 20:02:53', '2024-10-25 20:02:53'),
(1493, 117, 1161, 51, 1, '2024-09-26', '2024-09-26 06:57:11', '2024-09-26 06:57:11', 1, '\nDEV: TPCT\nFACEBOOK: https://www.facebook.com/taylor.ackerley.9/\nMOBILE: +201094950765', '2024-10-25 20:02:53', '2024-10-25 20:02:53'),
(1494, 117, 1162, 51, 1, '2024-09-26', '2024-09-26 06:57:11', '2024-09-26 06:57:11', 1, '\nDEV: TPCT\nFACEBOOK: https://www.facebook.com/taylor.ackerley.9/\nMOBILE: +201094950765', '2024-10-25 20:02:53', '2024-10-25 20:02:53'),
(1495, 117, 1164, 51, 1, '2024-09-26', '2024-09-26 06:57:11', '2024-09-26 06:57:11', 1, '\nDEV: TPCT\nFACEBOOK: https://www.facebook.com/taylor.ackerley.9/\nMOBILE: +201094950765', '2024-10-25 20:02:53', '2024-10-25 20:02:53'),
(1496, 117, 1158, 51, 1, '2024-09-26', '2024-09-26 06:57:10', '2024-09-26 06:57:10', 1, '\nDEV: TPCT\nFACEBOOK: https://www.facebook.com/taylor.ackerley.9/\nMOBILE: +201094950765', '2024-10-25 20:02:53', '2024-10-25 20:02:53'),
(1497, 117, 1159, 51, 1, '2024-09-26', '2024-09-26 06:57:10', '2024-09-26 06:57:10', 1, '\nDEV: TPCT\nFACEBOOK: https://www.facebook.com/taylor.ackerley.9/\nMOBILE: +201094950765', '2024-10-25 20:02:53', '2024-10-25 20:02:53'),
(1498, 117, 1160, 51, 1, '2024-09-26', '2024-09-26 06:57:11', '2024-09-26 06:57:11', 1, '\nDEV: TPCT\nFACEBOOK: https://www.facebook.com/taylor.ackerley.9/\nMOBILE: +201094950765', '2024-10-25 20:02:53', '2024-10-25 20:02:53'),
(1499, 117, 1165, 51, 1, '2024-09-26', '2024-09-26 06:57:10', '2024-09-26 06:57:10', 1, '\nDEV: TPCT\nFACEBOOK: https://www.facebook.com/taylor.ackerley.9/\nMOBILE: +201094950765', '2024-10-25 20:02:53', '2024-10-25 20:02:53'),
(1500, 117, 1166, 51, 1, '2024-09-28', '2024-09-28 10:26:10', '2024-09-28 10:26:10', 1, '\nDEV: TPCT\nFACEBOOK: https://www.facebook.com/taylor.ackerley.9/\nMOBILE: +201094950765', '2024-10-25 20:02:53', '2024-10-25 20:02:53'),
(1501, 117, 1167, 51, 1, '2024-09-26', '2024-09-26 07:50:06', '2024-09-26 07:50:06', 1, '\nDEV: TPCT\nFACEBOOK: https://www.facebook.com/taylor.ackerley.9/\nMOBILE: +201094950765', '2024-10-25 20:02:53', '2024-10-25 20:02:53'),
(1502, 117, 1168, 51, 1, '2024-09-26', '2024-09-26 07:50:07', '2024-09-26 07:50:07', 1, '\nDEV: TPCT\nFACEBOOK: https://www.facebook.com/taylor.ackerley.9/\nMOBILE: +201094950765', '2024-10-25 20:02:53', '2024-10-25 20:02:53'),
(1503, 117, 1169, 51, 1, '2024-09-28', '2024-09-28 10:26:39', '2024-09-28 10:26:39', 1, '\nDEV: TPCT\nFACEBOOK: https://www.facebook.com/taylor.ackerley.9/\nMOBILE: +201094950765', '2024-10-25 20:02:53', '2024-10-25 20:02:53'),
(1505, 116, 1171, 63, 1, '2024-10-22', '2024-10-22 06:16:26', '2024-10-22 06:16:26', 1, '\nDEV: TPCT\nFACEBOOK: https://www.facebook.com/taylor.ackerley.9/\nMOBILE: +201094950765', '2024-10-25 20:02:53', '2024-10-25 20:02:53'),
(1506, 116, 1171, 44, 1, '2024-10-22', '2024-10-22 08:08:37', '2024-10-22 08:08:37', 1, '\nDEV: TPCT\nFACEBOOK: https://www.facebook.com/taylor.ackerley.9/\nMOBILE: +201094950765', '2024-10-25 20:02:53', '2024-10-25 20:02:53'),
(1507, 83, 1172, 1, 1, '2024-10-24', '2024-10-24 09:17:50', '2024-10-24 09:17:50', 1, '\nDEV: TPCT\nFACEBOOK: https://www.facebook.com/taylor.ackerley.9/\nMOBILE: +201094950765', '2024-10-25 20:02:53', '2024-10-25 20:02:53'),
(1509, 83, 1173, 1, 1, '2024-10-12', '2024-10-12 15:03:44', '2024-10-12 15:03:44', 1, '\nDEV: TPCT\nFACEBOOK: https://www.facebook.com/taylor.ackerley.9/\nMOBILE: +201094950765', '2024-10-25 20:02:53', '2024-10-25 20:02:53'),
(1510, 24, 1174, 65, 1, '2024-09-30', '2024-09-30 09:21:58', '2024-09-30 09:21:58', 1, '\nDEV: TPCT\nFACEBOOK: https://www.facebook.com/taylor.ackerley.9/\nMOBILE: +201094950765', '2024-10-25 20:02:53', '2024-10-25 20:02:53'),
(1514, 116, 1176, 45, 1, '2024-10-19', '2024-10-19 08:31:04', '2024-10-19 08:31:04', 1, '\nDEV: TPCT\nFACEBOOK: https://www.facebook.com/taylor.ackerley.9/\nMOBILE: +201094950765', '2024-10-25 20:02:53', '2024-10-25 20:02:53'),
(1515, 116, 1177, 75, 1, '2024-10-24', '2024-10-24 12:28:56', '2024-10-24 12:28:56', 1, '\nDEV: TPCT\nFACEBOOK: https://www.facebook.com/taylor.ackerley.9/\nMOBILE: +201094950765', '2024-10-25 20:02:53', '2024-10-25 20:02:53'),
(1517, 110, 1179, 33, 1, '2024-10-03', '2024-10-03 10:56:16', '2024-10-03 10:56:16', 1, '\nDEV: TPCT\nFACEBOOK: https://www.facebook.com/taylor.ackerley.9/\nMOBILE: +201094950765', '2024-10-25 20:02:53', '2024-10-25 20:02:53'),
(1519, 113, 1181, 76, 1, '2024-10-05', '2024-10-05 10:15:10', '2024-10-05 10:15:10', 1, '\nDEV: TPCT\nFACEBOOK: https://www.facebook.com/taylor.ackerley.9/\nMOBILE: +201094950765', '2024-10-25 20:02:53', '2024-10-25 20:02:53'),
(1520, 116, 1132, 44, 1, '2024-10-23', '2024-10-23 16:08:55', '2024-10-23 16:08:55', 1, '\nDEV: TPCT\nFACEBOOK: https://www.facebook.com/taylor.ackerley.9/\nMOBILE: +201094950765', '2024-10-25 20:02:53', '2024-10-25 20:02:53'),
(1521, 118, 1182, 1, 1, '2024-10-24', '2024-10-24 02:53:02', '2024-10-24 02:53:02', 1, '\nDEV: TPCT\nFACEBOOK: https://www.facebook.com/taylor.ackerley.9/\nMOBILE: +201094950765', '2024-10-25 20:02:53', '2024-10-25 20:02:53'),
(1522, 116, 1183, 45, 1, '2024-10-17', '2024-10-17 12:26:52', '2024-10-17 12:26:52', 1, '\nDEV: TPCT\nFACEBOOK: https://www.facebook.com/taylor.ackerley.9/\nMOBILE: +201094950765', '2024-10-25 20:02:53', '2024-10-25 20:02:53'),
(1523, 116, 1184, 45, 1, '2024-10-09', '2024-10-09 06:12:46', '2024-10-09 06:12:46', 1, '\nDEV: TPCT\nFACEBOOK: https://www.facebook.com/taylor.ackerley.9/\nMOBILE: +201094950765', '2024-10-25 20:02:53', '2024-10-25 20:02:53'),
(1524, 83, 1185, 1, 1, '2024-10-14', '2024-10-14 14:47:56', '2024-10-14 14:47:56', 1, '\nDEV: TPCT\nFACEBOOK: https://www.facebook.com/taylor.ackerley.9/\nMOBILE: +201094950765', '2024-10-25 20:02:53', '2024-10-25 20:02:53'),
(1525, 110, 1186, 33, 1, '2024-10-14', '2024-10-14 14:42:57', '2024-10-14 14:42:57', 1, '\nDEV: TPCT\nFACEBOOK: https://www.facebook.com/taylor.ackerley.9/\nMOBILE: +201094950765', '2024-10-25 20:02:53', '2024-10-25 20:02:53'),
(1526, 113, 1181, 1, 1, '2024-10-11', '2024-10-10 23:19:53', '2024-10-10 23:19:53', 1, '\nDEV: TPCT\nFACEBOOK: https://www.facebook.com/taylor.ackerley.9/\nMOBILE: +201094950765', '2024-10-25 20:02:53', '2024-10-25 20:02:53'),
(1528, 120, 1188, 5, 1, '2024-10-20', '2024-10-20 09:22:04', '2024-10-20 09:22:04', 1, '\nDEV: TPCT\nFACEBOOK: https://www.facebook.com/taylor.ackerley.9/\nMOBILE: +201094950765', '2024-10-25 20:02:53', '2024-10-25 20:02:53'),
(1529, 116, 1189, 45, 1, '2024-10-23', '2024-10-23 11:08:29', '2024-10-23 11:08:29', 1, '\nDEV: TPCT\nFACEBOOK: https://www.facebook.com/taylor.ackerley.9/\nMOBILE: +201094950765', '2024-10-25 20:02:53', '2024-10-25 20:02:53'),
(1530, 116, 1155, 63, 1, '2024-10-22', '2024-10-22 20:44:01', '2024-10-22 20:44:01', 1, '\nDEV: TPCT\nFACEBOOK: https://www.facebook.com/taylor.ackerley.9/\nMOBILE: +201094950765', '2024-10-25 20:02:53', '2024-10-25 20:02:53'),
(1531, 24, 1119, 77, 1, '2024-10-13', '2024-10-13 04:36:02', '2024-10-13 04:36:02', 1, '\nDEV: TPCT\nFACEBOOK: https://www.facebook.com/taylor.ackerley.9/\nMOBILE: +201094950765', '2024-10-25 20:02:53', '2024-10-25 20:02:53'),
(1532, 24, 898, 77, 1, '2024-10-13', '2024-10-13 04:50:19', '2024-10-13 04:50:19', 1, '\nDEV: TPCT\nFACEBOOK: https://www.facebook.com/taylor.ackerley.9/\nMOBILE: +201094950765', '2024-10-25 20:02:53', '2024-10-25 20:02:53'),
(1533, 83, 1190, 1, 1, '2024-10-14', '2024-10-14 19:11:44', '2024-10-14 19:11:44', 1, '\nDEV: TPCT\nFACEBOOK: https://www.facebook.com/taylor.ackerley.9/\nMOBILE: +201094950765', '2024-10-25 20:02:53', '2024-10-25 20:02:53'),
(1534, 83, 865, 77, 1, '2024-10-23', '2024-10-23 15:53:05', '2024-10-23 15:53:05', 1, '\nDEV: TPCT\nFACEBOOK: https://www.facebook.com/taylor.ackerley.9/\nMOBILE: +201094950765', '2024-10-25 20:02:53', '2024-10-25 20:02:53'),
(1535, 83, 863, 77, 1, '2024-10-18', '2024-10-18 18:10:47', '2024-10-18 18:10:47', 1, '\nDEV: TPCT\nFACEBOOK: https://www.facebook.com/taylor.ackerley.9/\nMOBILE: +201094950765', '2024-10-25 20:02:53', '2024-10-25 20:02:53'),
(1536, 83, 1190, 77, 1, '2024-10-13', '2024-10-13 19:22:52', '2024-10-13 19:22:52', 1, '\nDEV: TPCT\nFACEBOOK: https://www.facebook.com/taylor.ackerley.9/\nMOBILE: +201094950765', '2024-10-25 20:02:53', '2024-10-25 20:02:53'),
(1537, 83, 896, 77, 1, '2024-10-15', '2024-10-15 16:50:10', '2024-10-15 16:50:10', 1, '\nDEV: TPCT\nFACEBOOK: https://www.facebook.com/taylor.ackerley.9/\nMOBILE: +201094950765', '2024-10-25 20:02:53', '2024-10-25 20:02:53'),
(1538, 83, 919, 77, 1, '2024-10-23', '2024-10-23 15:50:04', '2024-10-23 15:50:04', 1, '\nDEV: TPCT\nFACEBOOK: https://www.facebook.com/taylor.ackerley.9/\nMOBILE: +201094950765', '2024-10-25 20:02:53', '2024-10-25 20:02:53'),
(1540, 122, 1192, 34, 1, '2024-10-23', '2024-10-23 08:03:15', '2024-10-23 08:03:15', 1, '\nDEV: TPCT\nFACEBOOK: https://www.facebook.com/taylor.ackerley.9/\nMOBILE: +201094950765', '2024-10-25 20:02:53', '2024-10-25 20:02:53'),
(1541, 122, 1193, 34, 1, '2024-10-23', '2024-10-23 16:05:49', '2024-10-23 16:05:49', 1, '\nDEV: TPCT\nFACEBOOK: https://www.facebook.com/taylor.ackerley.9/\nMOBILE: +201094950765', '2024-10-25 20:02:53', '2024-10-25 20:02:53'),
(1542, 122, 1193, 73, 1, '2024-10-21', '2024-10-21 14:56:50', '2024-10-21 14:56:50', 1, '\nDEV: TPCT\nFACEBOOK: https://www.facebook.com/taylor.ackerley.9/\nMOBILE: +201094950765', '2024-10-25 20:02:53', '2024-10-25 20:02:53'),
(1543, 83, 1194, 1, 1, '2024-10-22', '2024-10-22 12:32:12', '2024-10-22 12:32:12', 1, '\nDEV: TPCT\nFACEBOOK: https://www.facebook.com/taylor.ackerley.9/\nMOBILE: +201094950765', '2024-10-25 20:02:53', '2024-10-25 20:02:53'),
(1544, 123, 1195, 36, 1, '2024-10-15', '2024-10-15 04:59:03', '2024-10-15 04:59:03', 1, '\nDEV: TPCT\nFACEBOOK: https://www.facebook.com/taylor.ackerley.9/\nMOBILE: +201094950765', '2024-10-25 20:02:53', '2024-10-25 20:02:53'),
(1545, 123, 1196, 36, 1, '2024-10-15', '2024-10-15 05:23:28', '2024-10-15 05:23:28', 1, '\nDEV: TPCT\nFACEBOOK: https://www.facebook.com/taylor.ackerley.9/\nMOBILE: +201094950765', '2024-10-25 20:02:53', '2024-10-25 20:02:53'),
(1546, 123, 1197, 36, 1, '2024-10-25', '2024-10-25 17:32:14', '2024-10-25 17:32:14', 1, '\nDEV: TPCT\nFACEBOOK: https://www.facebook.com/taylor.ackerley.9/\nMOBILE: +201094950765', '2024-10-25 20:02:53', '2024-10-25 20:02:53'),
(1547, 123, 1197, 39, 1, '2024-10-17', '2024-10-17 12:50:51', '2024-10-17 12:50:51', 1, '\nDEV: TPCT\nFACEBOOK: https://www.facebook.com/taylor.ackerley.9/\nMOBILE: +201094950765', '2024-10-25 20:02:53', '2024-10-25 20:02:53'),
(1548, 123, 1197, 40, 1, '2024-10-19', '2024-10-19 15:59:59', '2024-10-19 15:59:59', 1, '\nDEV: TPCT\nFACEBOOK: https://www.facebook.com/taylor.ackerley.9/\nMOBILE: +201094950765', '2024-10-25 20:02:53', '2024-10-25 20:02:53'),
(1549, 123, 1196, 40, 1, '2024-10-15', '2024-10-15 07:37:31', '2024-10-15 07:37:31', 1, '\nDEV: TPCT\nFACEBOOK: https://www.facebook.com/taylor.ackerley.9/\nMOBILE: +201094950765', '2024-10-25 20:02:53', '2024-10-25 20:02:53'),
(1550, 123, 1197, 37, 1, '2024-10-21', '2024-10-21 10:53:31', '2024-10-21 10:53:31', 1, '\nDEV: TPCT\nFACEBOOK: https://www.facebook.com/taylor.ackerley.9/\nMOBILE: +201094950765', '2024-10-25 20:02:53', '2024-10-25 20:02:53'),
(1551, 123, 1196, 38, 1, '2024-10-15', '2024-10-15 07:35:45', '2024-10-15 07:35:45', 1, '\nDEV: TPCT\nFACEBOOK: https://www.facebook.com/taylor.ackerley.9/\nMOBILE: +201094950765', '2024-10-25 20:02:53', '2024-10-25 20:02:53');
INSERT INTO `server_applications` (`id`, `licence_user_id`, `server_id`, `application_id`, `active`, `licence_date`, `created_at`, `updated_at`, `show_message`, `message`, `start_date`, `end_date`) VALUES
(1552, 123, 1197, 38, 1, '2024-10-15', '2024-10-15 10:48:04', '2024-10-15 10:48:04', 1, '\nDEV: TPCT\nFACEBOOK: https://www.facebook.com/taylor.ackerley.9/\nMOBILE: +201094950765', '2024-10-25 20:02:53', '2024-10-25 20:02:53'),
(1553, 116, 1198, 32, 1, '2024-10-15', '2024-10-15 20:05:07', '2024-10-15 20:05:07', 1, '\nDEV: TPCT\nFACEBOOK: https://www.facebook.com/taylor.ackerley.9/\nMOBILE: +201094950765', '2024-10-25 20:02:53', '2024-10-25 20:02:53'),
(1554, 83, 1199, 1, 1, '2024-10-25', '2024-10-25 15:50:31', '2024-10-25 15:50:31', 1, '\nDEV: TPCT\nFACEBOOK: https://www.facebook.com/taylor.ackerley.9/\nMOBILE: +201094950765', '2024-10-25 20:02:53', '2024-10-25 20:02:53'),
(1555, 110, 1200, 33, 1, '2024-10-25', '2024-10-25 15:39:29', '2024-10-25 15:39:29', 1, '\nDEV: TPCT\nFACEBOOK: https://www.facebook.com/taylor.ackerley.9/\nMOBILE: +201094950765', '2024-10-25 20:02:53', '2024-10-25 20:02:53'),
(1556, 83, 1194, 77, 1, '2024-10-22', '2024-10-22 09:58:05', '2024-10-22 09:58:05', 1, '\nDEV: TPCT\nFACEBOOK: https://www.facebook.com/taylor.ackerley.9/\nMOBILE: +201094950765', '2024-10-25 20:02:53', '2024-10-25 20:02:53'),
(1558, 113, 1202, 8, 1, '2024-10-17', '2024-10-17 18:43:42', '2024-10-17 18:43:42', 1, '\nDEV: TPCT\nFACEBOOK: https://www.facebook.com/taylor.ackerley.9/\nMOBILE: +201094950765', '2024-10-25 20:02:53', '2024-10-25 20:02:53'),
(1559, 125, 1203, 11, 1, '2024-10-17', '2024-10-17 19:10:28', '2024-10-17 19:10:28', 1, '\nDEV: TPCT\nFACEBOOK: https://www.facebook.com/taylor.ackerley.9/\nMOBILE: +201094950765', '2024-10-25 20:02:53', '2024-10-25 20:02:53'),
(1560, 122, 1204, 34, 1, '2024-10-18', '2024-10-18 17:57:41', '2024-10-18 17:57:41', 1, '\nDEV: TPCT\nFACEBOOK: https://www.facebook.com/taylor.ackerley.9/\nMOBILE: +201094950765', '2024-10-25 20:02:53', '2024-10-25 20:02:53'),
(1561, 126, 1205, 1, 1, '2024-10-18', '2024-10-18 19:11:28', '2024-10-18 19:11:28', 1, '\nDEV: TPCT\nFACEBOOK: https://www.facebook.com/taylor.ackerley.9/\nMOBILE: +201094950765', '2024-10-25 20:02:53', '2024-10-25 20:02:53'),
(1562, 83, 1206, 1, 1, '2024-10-25', '2024-10-25 20:22:03', '2024-10-25 20:22:03', 1, '\nDEV: TPCT\nFACEBOOK: https://www.facebook.com/taylor.ackerley.9/\nMOBILE: +201094950765', '2024-10-25 20:02:53', '2024-10-25 20:02:53'),
(1563, 83, 1206, 77, 1, '2024-10-20', '2024-10-20 07:40:40', '2024-10-20 07:40:40', 1, '\nDEV: TPCT\nFACEBOOK: https://www.facebook.com/taylor.ackerley.9/\nMOBILE: +201094950765', '2024-10-25 20:02:53', '2024-10-25 20:02:53'),
(1564, 123, 1207, 39, 1, '2024-10-21', '2024-10-21 15:12:36', '2024-10-21 15:12:36', 1, '\nDEV: TPCT\nFACEBOOK: https://www.facebook.com/taylor.ackerley.9/\nMOBILE: +201094950765', '2024-10-25 20:02:53', '2024-10-25 20:02:53'),
(1566, 120, 1209, 5, 1, '2024-10-21', '2024-10-21 14:00:52', '2024-10-21 14:00:52', 1, '\nDEV: TPCT\nFACEBOOK: https://www.facebook.com/taylor.ackerley.9/\nMOBILE: +201094950765', '2024-10-25 20:02:53', '2024-10-25 20:02:53'),
(1567, 120, 1210, 5, 1, '2024-10-22', '2024-10-22 15:01:17', '2024-10-22 15:01:17', 1, '\nDEV: TPCT\nFACEBOOK: https://www.facebook.com/taylor.ackerley.9/\nMOBILE: +201094950765', '2024-10-25 20:02:53', '2024-10-25 20:02:53'),
(1568, 120, 1211, 5, 1, '2024-10-23', '2024-10-23 06:47:16', '2024-10-23 06:47:16', 1, '\nDEV: TPCT\nFACEBOOK: https://www.facebook.com/taylor.ackerley.9/\nMOBILE: +201094950765', '2024-10-25 20:02:53', '2024-10-25 20:02:53'),
(1569, 120, 1212, 5, 1, '2024-10-21', '2024-10-21 15:24:07', '2024-10-21 15:24:07', 1, '\nDEV: TPCT\nFACEBOOK: https://www.facebook.com/taylor.ackerley.9/\nMOBILE: +201094950765', '2024-10-25 20:02:53', '2024-10-25 20:02:53'),
(1570, 83, 1097, 11, 1, '2024-10-22', '2024-10-22 06:44:54', '2024-10-22 06:44:54', 1, '\nDEV: TPCT\nFACEBOOK: https://www.facebook.com/taylor.ackerley.9/\nMOBILE: +201094950765', '2024-10-25 20:02:53', '2024-10-25 20:02:53'),
(1571, 83, 863, 11, 1, '2024-10-22', '2024-10-22 16:11:09', '2024-10-22 16:11:09', 1, '\nDEV: TPCT\nFACEBOOK: https://www.facebook.com/taylor.ackerley.9/\nMOBILE: +201094950765', '2024-10-25 20:02:53', '2024-10-25 20:02:53'),
(1572, 116, 1138, 44, 1, '2024-10-24', '2024-10-24 13:00:31', '2024-10-24 13:00:31', 1, '\nDEV: TPCT\nFACEBOOK: https://www.facebook.com/taylor.ackerley.9/\nMOBILE: +201094950765', '2024-10-25 20:02:53', '2024-10-25 20:02:53'),
(1573, 24, 1174, 58, 1, '2024-10-23', '2024-10-23 07:18:53', '2024-10-23 07:18:53', 1, '\nDEV: TPCT\nFACEBOOK: https://www.facebook.com/taylor.ackerley.9/\nMOBILE: +201094950765', '2024-10-25 20:02:53', '2024-10-25 20:02:53'),
(1574, 121, 1213, 71, 0, '2024-10-22', '2024-10-22 18:07:54', '2024-10-22 18:07:54', 1, '\nDEV: TPCT\nFACEBOOK: https://www.facebook.com/taylor.ackerley.9/\nMOBILE: +201094950765', '2024-10-25 20:02:53', '2024-10-25 20:02:53'),
(1575, 122, 1214, 71, 1, '2024-10-22', '2024-10-22 18:26:45', '2024-10-22 18:26:45', 1, '\nDEV: TPCT\nFACEBOOK: https://www.facebook.com/taylor.ackerley.9/\nMOBILE: +201094950765', '2024-10-25 20:02:53', '2024-10-25 20:02:53'),
(1576, 122, 1215, 71, 1, '2024-10-22', '2024-10-22 18:34:48', '2024-10-22 18:34:48', 1, '\nDEV: TPCT\nFACEBOOK: https://www.facebook.com/taylor.ackerley.9/\nMOBILE: +201094950765', '2024-10-25 20:02:53', '2024-10-25 20:02:53'),
(1577, 122, 1216, 71, 1, '2024-10-22', '2024-10-22 18:44:35', '2024-10-22 18:44:35', 1, '\nDEV: TPCT\nFACEBOOK: https://www.facebook.com/taylor.ackerley.9/\nMOBILE: +201094950765', '2024-10-25 20:02:53', '2024-10-25 20:02:53'),
(1578, 116, 1217, 63, 1, '2024-10-25', '2024-10-25 18:57:39', '2024-10-25 18:57:39', 1, '\nDEV: TPCT\nFACEBOOK: https://www.facebook.com/taylor.ackerley.9/\nMOBILE: +201094950765', '2024-10-25 20:02:53', '2024-10-25 20:02:53'),
(1579, 116, 1217, 44, 1, '2024-10-23', '2024-10-23 17:11:47', '2024-10-23 17:11:47', 1, '\nDEV: TPCT\nFACEBOOK: https://www.facebook.com/taylor.ackerley.9/\nMOBILE: +201094950765', '2024-10-25 20:02:53', '2024-10-25 20:02:53'),
(1580, 83, 1218, 77, 1, '2024-10-23', '2024-10-23 08:43:11', '2024-10-23 08:43:11', 1, '\nDEV: TPCT\nFACEBOOK: https://www.facebook.com/taylor.ackerley.9/\nMOBILE: +201094950765', '2024-10-25 20:02:53', '2024-10-25 20:02:53'),
(1581, 116, 1138, 75, 1, '2024-10-24', '2024-10-24 10:06:25', '2024-10-24 10:06:25', 1, '\nDEV: TPCT\nFACEBOOK: https://www.facebook.com/taylor.ackerley.9/\nMOBILE: +201094950765', '2024-10-25 20:02:53', '2024-10-25 20:02:53'),
(1582, 83, 1218, 1, 1, '2024-10-25', '2024-10-25 14:55:20', '2024-10-25 14:55:20', 1, '\nDEV: TPCT\nFACEBOOK: https://www.facebook.com/taylor.ackerley.9/\nMOBILE: +201094950765', '2024-10-25 20:02:53', '2024-10-25 20:02:53'),
(1583, 116, 1219, 44, 1, '2024-10-25', '2024-10-25 19:00:12', '2024-10-25 19:00:12', 1, '\nDEV: TPCT\nFACEBOOK: https://www.facebook.com/taylor.ackerley.9/\nMOBILE: +201094950765', '2024-10-25 20:02:53', '2024-10-25 20:02:53'),
(1584, 116, 1219, 75, 1, '2024-10-25', '2024-10-25 18:44:22', '2024-10-25 18:44:22', 1, '\nDEV: TPCT\nFACEBOOK: https://www.facebook.com/taylor.ackerley.9/\nMOBILE: +201094950765', '2024-10-25 20:02:53', '2024-10-25 20:02:53'),
(1585, 118, 1220, 1, 1, '2024-10-25', '2024-10-25 17:25:39', '2024-10-25 17:25:39', 1, '\nDEV: TPCT\nFACEBOOK: https://www.facebook.com/taylor.ackerley.9/\nMOBILE: +201094950765', '2024-10-25 20:02:53', '2024-10-25 20:02:53'),
(1586, 120, 1221, 5, 1, '2024-10-25', '2024-10-25 08:39:37', '2024-10-25 08:39:37', 1, '\nDEV: TPCT\nFACEBOOK: https://www.facebook.com/taylor.ackerley.9/\nMOBILE: +201094950765', '2024-10-25 20:02:53', '2024-10-25 20:02:53'),
(1587, 127, 1222, 85, 1, '2024-10-25', '2024-10-25 20:23:18', '2024-10-25 20:23:18', 1, '\nDEV: TPCT\nFACEBOOK: https://www.facebook.com/taylor.ackerley.9/\nMOBILE: +201094950765', '2024-10-25 20:02:53', '2024-10-31 21:02:53');

-- --------------------------------------------------------

--
-- Table structure for table `users`
--

CREATE TABLE `users` (
  `id` bigint(20) UNSIGNED NOT NULL,
  `name` varchar(255) NOT NULL,
  `email` varchar(255) NOT NULL,
  `email_verified_at` timestamp NULL DEFAULT NULL,
  `password` varchar(255) NOT NULL,
  `remember_token` varchar(100) DEFAULT NULL,
  `created_at` timestamp NULL DEFAULT NULL,
  `updated_at` timestamp NULL DEFAULT NULL
) ENGINE=InnoDB DEFAULT CHARSET=utf8mb4 COLLATE=utf8mb4_unicode_ci;

--
-- Dumping data for table `users`
--

INSERT INTO `users` (`id`, `name`, `email`, `email_verified_at`, `password`, `remember_token`, `created_at`, `updated_at`) VALUES
(1, 'islam', 'th3professionalcod3r@gmail.com', NULL, '$2y$10$kZ6.SZTizUglBHnUtwBMku9S/nY.j4l3pV9p1Z99cLpklc6gqxYNm', 'ciFz3FXvhQfaWHp2mR1OEGDstxfsIZIxnaezoOvXTJJbir80Ac1HP56nFEc5', '2023-10-04 02:50:03', '2023-10-04 02:50:03');

--
-- Indexes for dumped tables
--

--
-- Indexes for table `applications`
--
ALTER TABLE `applications`
  ADD PRIMARY KEY (`id`),
  ADD UNIQUE KEY `applications_application_name_unique` (`application_name`);

--
-- Indexes for table `failed_jobs`
--
ALTER TABLE `failed_jobs`
  ADD PRIMARY KEY (`id`),
  ADD UNIQUE KEY `failed_jobs_uuid_unique` (`uuid`);

--
-- Indexes for table `licence_users`
--
ALTER TABLE `licence_users`
  ADD PRIMARY KEY (`id`),
  ADD UNIQUE KEY `licence_users_username_unique` (`username`);

--
-- Indexes for table `migrations`
--
ALTER TABLE `migrations`
  ADD PRIMARY KEY (`id`);

--
-- Indexes for table `password_resets`
--
ALTER TABLE `password_resets`
  ADD KEY `password_resets_email_index` (`email`);

--
-- Indexes for table `personal_access_tokens`
--
ALTER TABLE `personal_access_tokens`
  ADD PRIMARY KEY (`id`),
  ADD UNIQUE KEY `personal_access_tokens_token_unique` (`token`),
  ADD KEY `personal_access_tokens_tokenable_type_tokenable_id_index` (`tokenable_type`,`tokenable_id`);

--
-- Indexes for table `servers`
--
ALTER TABLE `servers`
  ADD PRIMARY KEY (`id`);

--
-- Indexes for table `server_applications`
--
ALTER TABLE `server_applications`
  ADD PRIMARY KEY (`id`);

--
-- Indexes for table `users`
--
ALTER TABLE `users`
  ADD PRIMARY KEY (`id`),
  ADD UNIQUE KEY `users_email_unique` (`email`);

--
-- AUTO_INCREMENT for dumped tables
--

--
-- AUTO_INCREMENT for table `applications`
--
ALTER TABLE `applications`
  MODIFY `id` bigint(20) UNSIGNED NOT NULL AUTO_INCREMENT, AUTO_INCREMENT=86;

--
-- AUTO_INCREMENT for table `failed_jobs`
--
ALTER TABLE `failed_jobs`
  MODIFY `id` bigint(20) UNSIGNED NOT NULL AUTO_INCREMENT;

--
-- AUTO_INCREMENT for table `licence_users`
--
ALTER TABLE `licence_users`
  MODIFY `id` bigint(20) UNSIGNED NOT NULL AUTO_INCREMENT, AUTO_INCREMENT=128;

--
-- AUTO_INCREMENT for table `migrations`
--
ALTER TABLE `migrations`
  MODIFY `id` int(10) UNSIGNED NOT NULL AUTO_INCREMENT, AUTO_INCREMENT=13;

--
-- AUTO_INCREMENT for table `personal_access_tokens`
--
ALTER TABLE `personal_access_tokens`
  MODIFY `id` bigint(20) UNSIGNED NOT NULL AUTO_INCREMENT;

--
-- AUTO_INCREMENT for table `servers`
--
ALTER TABLE `servers`
  MODIFY `id` bigint(20) UNSIGNED NOT NULL AUTO_INCREMENT, AUTO_INCREMENT=1223;

--
-- AUTO_INCREMENT for table `server_applications`
--
ALTER TABLE `server_applications`
  MODIFY `id` bigint(20) UNSIGNED NOT NULL AUTO_INCREMENT, AUTO_INCREMENT=1588;

--
-- AUTO_INCREMENT for table `users`
--
ALTER TABLE `users`
  MODIFY `id` bigint(20) UNSIGNED NOT NULL AUTO_INCREMENT, AUTO_INCREMENT=3;
COMMIT;

/*!40101 SET CHARACTER_SET_CLIENT=@OLD_CHARACTER_SET_CLIENT */;
/*!40101 SET CHARACTER_SET_RESULTS=@OLD_CHARACTER_SET_RESULTS */;
/*!40101 SET COLLATION_CONNECTION=@OLD_COLLATION_CONNECTION */;
